Id,Date,Age,Race,State,Murder,Region
575c66e01c4d362864dd2bee,1986,25,White,South Carolina,Murder,South
575c66e01c4d362864dd2bef,1985,29,White,South Carolina,Murder,South
575c66e01c4d362864dd2bf0,1997,49,Hispanic,Arkansas,Murder,South
575c66e01c4d362864dd2bf1,1997,47,White,Arkansas,Murder,South
575c66e01c4d362864dd2bf2,1994,31,White,Idaho,Murder,West
575c66e01c4d362864dd2bf3,2000,26,White,Virginia,Murder,South
575c66e01c4d362864dd2bf4,2000,48,White,Texas,Murder,South
575c66e01c4d362864dd2bf5,1993,31,White,Washington,Murder,West
575c66e01c4d362864dd2bf6,1985,32,White,Louisiana,Murder,South
575c66e01c4d362864dd2bf7,2002,52,White,Missouri,Murder,Midwest
575c66e01c4d362864dd2bf8,1999,40,Black,South Carolina,Murder,South
575c66e01c4d362864dd2bf9,2001,48,Black,Oklahoma,Murder,South
575c66e01c4d362864dd2bfa,2001,41,Black,Oklahoma,Murder,South
575c66e01c4d362864dd2bfb,2001,37,White,Texas,Murder,South
575c66e01c4d362864dd2bfc,1985,28,Black,Georgia,Murder,South
575c66e01c4d362864dd2bfd,1988,27,White,Texas,Murder,South
575c66e01c4d362864dd2bfe,1989,44,White,Missouri,Murder,Midwest
575c66e01c4d362864dd2bff,1995,44,White,Texas,Murder,South
575c66e01c4d362864dd2c00,1996,34,White,Virginia,Murder,South
575c66e01c4d362864dd2c01,1997,30,Black,Arkansas,Murder,South
575c66e01c4d362864dd2c02,1997,44,White,Alabama,Murder,South
575c66e01c4d362864dd2c03,1999,46,White,Texas,Murder,South
575c66e01c4d362864dd2c04,1999,37,Other,Oklahoma,Murder,South
575c66e01c4d362864dd2c05,1999,38,Black,Louisiana,Murder,South
575c66e01c4d362864dd2c06,2000,41,Black,Oklahoma,Murder,South
575c66e01c4d362864dd2c07,2000,37,White,Alabama,Murder,South
575c66e01c4d362864dd2c08,2001,39,White,Florida,Murder,South
575c66e01c4d362864dd2c09,2002,38,White,Texas,Murder,South
575c66e01c4d362864dd2c0a,1999,43,Other,California,Murder,West
575c66e01c4d362864dd2c0b,1998,40,White,Texas,Murder,South
575c66e01c4d362864dd2c0c,1999,29,White,Oklahoma,Murder,South
575c66e01c4d362864dd2c0d,1994,51,White,Texas,Murder,South
575c66e01c4d362864dd2c0e,2000,41,Black,Oklahoma,Murder,South
575c66e01c4d362864dd2c0f,2002,40,Black,Missouri,Murder,Midwest
575c66e01c4d362864dd2c10,1995,29,White,Texas,Murder,South
575c66e01c4d362864dd2c11,1999,39,Hispanic,Texas,Murder,South
575c66e01c4d362864dd2c12,2001,50,Hispanic,Texas,Murder,South
575c66e01c4d362864dd2c13,2003,42,Hispanic,Texas,Murder,South
575c66e01c4d362864dd2c14,2003,28,Black,Texas,Murder,South
575c66e01c4d362864dd2c15,1992,28,White,Texas,Murder,South
575c66e01c4d362864dd2c16,1996,38,White,Texas,Murder,South
575c66e01c4d362864dd2c17,1997,39,White,Virginia,Murder,South
575c66e01c4d362864dd2c18,1997,41,White,Texas,Murder,South
575c66e01c4d362864dd2c19,1998,38,White,Texas,Murder,South
575c66e01c4d362864dd2c1a,1998,33,Black,Virginia,Murder,South
575c66e01c4d362864dd2c1b,1999,38,Other,Arizona,Murder,West
575c66e01c4d362864dd2c1c,1999,23,White,Virginia,Murder,South
575c66e01c4d362864dd2c1d,1999,43,White,Texas,Murder,South
575c66e01c4d362864dd2c1e,2001,61,White,Oklahoma,Murder,South
575c66e01c4d362864dd2c1f,2001,37,White,Missouri,Murder,Midwest
575c66e01c4d362864dd2c20,2003,42,White,Missouri,Murder,Midwest
575c66e01c4d362864dd2c21,2003,47,White,Ohio,Murder,Midwest
575c66e01c4d362864dd2c22,1999,37,White,Arizona,Murder,West
575c66e01c4d362864dd2c23,2002,29,Black,Texas,Murder,South
575c66e01c4d362864dd2c24,2000,48,Black,Alabama,Murder,South
575c66e01c4d362864dd2c25,1981,24,White,Indiana,Murder,Midwest
575c66e01c4d362864dd2c26,1992,37,Black,Oklahoma,Murder,South
575c66e01c4d362864dd2c27,1998,43,White,South Carolina,Murder,South
575c66e01c4d362864dd2c28,2000,31,Black,Texas,Murder,South
575c66e01c4d362864dd2c29,2001,39,Black,North Carolina,Murder,South
575c66e01c4d362864dd2c2a,1985,41,White,Florida,Murder,South
575c66e01c4d362864dd2c2b,1986,29,White,Texas,Murder,South
575c66e01c4d362864dd2c2c,1987,27,Hispanic,Texas,Murder,South
575c66e01c4d362864dd2c2d,1992,38,White,Texas,Murder,South
575c66e01c4d362864dd2c2e,1993,27,White,Arizona,Murder,West
575c66e01c4d362864dd2c2f,1993,39,Other,Delaware,Murder,South
575c66e01c4d362864dd2c30,1993,41,White,Louisiana,Murder,South
575c66e01c4d362864dd2c31,1994,32,Black,Virginia,Murder,South
575c66e01c4d362864dd2c32,1996,42,Black,Louisiana,Murder,South
575c66e01c4d362864dd2c33,1997,32,Black,Texas,Murder,South
575c66e01c4d362864dd2c34,1998,47,White,Texas,Murder,South
575c66e01c4d362864dd2c35,1999,37,White,Virginia,Murder,South
575c66e01c4d362864dd2c36,1999,46,White,Missouri,Murder,Midwest
575c66e01c4d362864dd2c37,2001,31,White,Virginia,Murder,South
575c66e01c4d362864dd2c38,2001,40,White,Oklahoma,Murder,South
575c66e01c4d362864dd2c39,2001,55,White,Texas,Murder,South
575c66e01c4d362864dd2c3a,2002,37,White,Missouri,Murder,Midwest
575c66e01c4d362864dd2c3b,2002,43,White,Georgia,Murder,South
575c66e01c4d362864dd2c3c,2003,41,White,Texas,Murder,South
575c66e01c4d362864dd2c3d,1984,35,White,Louisiana,Murder,South
575c66e01c4d362864dd2c3e,1992,43,White,Arizona,Murder,West
575c66e01c4d362864dd2c3f,1997,40,White,Texas,Murder,South
575c66e01c4d362864dd2c40,1999,25,Other,Nevada,Murder,West
575c66e01c4d362864dd2c41,2001,27,White,Texas,Murder,South
575c66e01c4d362864dd2c42,2002,33,White,Virginia,Murder,South
575c66e01c4d362864dd2c43,2003,32,White,Oklahoma,Murder,South
575c66e01c4d362864dd2c44,2002,40,Hispanic,Texas,Murder,South
575c66e01c4d362864dd2c45,1984,30,White,Florida,Murder,South
575c66e01c4d362864dd2c46,1994,38,White,Texas,Murder,South
575c66e01c4d362864dd2c47,1995,41,White,Texas,Murder,South
575c66e01c4d362864dd2c48,1995,31,White,Georgia,Murder,South
575c66e01c4d362864dd2c49,1996,48,White,Missouri,Murder,Midwest
575c66e01c4d362864dd2c4a,1997,39,White,Texas,Murder,South
575c66e01c4d362864dd2c4b,1999,49,White,Arkansas,Murder,South
575c66e01c4d362864dd2c4c,2002,30,White,Missouri,Murder,Midwest
575c66e01c4d362864dd2c4d,2002,43,Black,Texas,Murder,South
575c66e01c4d362864dd2c4e,2003,43,White,Oklahoma,Murder,South
575c66e01c4d362864dd2c4f,2003,61,White,Virginia,Murder,South
575c66e01c4d362864dd2c50,1994,52,White,Illinois,Murder,Midwest
575c66e01c4d362864dd2c51,1990,43,White,Florida,Murder,South
575c66e01c4d362864dd2c52,2000,28,White,Arkansas,Murder,South
575c66e01c4d362864dd2c53,2000,38,White,Texas,Murder,South
575c66e01c4d362864dd2c54,2003,43,White,Indiana,Murder,Midwest
575c66e01c4d362864dd2c55,1997,62,Black,Alabama,Murder,South
575c66e01c4d362864dd2c56,1996,48,White,California,Murder,West
575c66e01c4d362864dd2c57,2001,30,White,Arkansas,Murder,South
575c66e01c4d362864dd2c58,2003,49,White,Georgia,Murder,South
575c66e01c4d362864dd2c59,1994,46,Black,Texas,Murder,South
575c66e01c4d362864dd2c5a,1994,39,Black,Arkansas,Murder,South
575c66e01c4d362864dd2c5b,1995,42,Black,Missouri,Murder,Midwest
575c66e01c4d362864dd2c5c,1995,43,Black,Alabama,Murder,South
575c66e01c4d362864dd2c5d,1999,62,Black,Texas,Murder,South
575c66e01c4d362864dd2c5e,2002,39,White,South Carolina,Murder,South
575c66e01c4d362864dd2c5f,1993,44,Hispanic,Texas,Murder,South
575c66e01c4d362864dd2c60,1999,31,Hispanic,Texas,Murder,South
575c66e01c4d362864dd2c61,1984,47,Black,Florida,Murder,South
575c66e01c4d362864dd2c62,1989,31,White,Florida,Murder,South
575c66e01c4d362864dd2c63,1990,39,Black,Missouri,Murder,Midwest
575c66e01c4d362864dd2c64,1992,46,White,Texas,Murder,South
575c66e01c4d362864dd2c65,1992,25,White,Arkansas,Murder,South
575c66e01c4d362864dd2c66,1992,43,White,Florida,Murder,South
575c66e01c4d362864dd2c67,1993,38,Black,Texas,Murder,South
575c66e01c4d362864dd2c68,1993,49,White,Florida,Murder,South
575c66e01c4d362864dd2c69,1994,50,White,Arkansas,Murder,South
575c66e01c4d362864dd2c6a,1995,39,White,Pennsylvania,Murder,Northeast
575c66e01c4d362864dd2c6b,1995,43,White,Montana,Murder,West
575c66e01c4d362864dd2c6c,1997,33,Black,Texas,Murder,South
575c66e01c4d362864dd2c6d,1997,22,Other,Oklahoma,Murder,South
575c66e01c4d362864dd2c6e,1998,34,White,Alabama,Murder,South
575c66e01c4d362864dd2c6f,1999,50,Black,California,Murder,West
575c66e01c4d362864dd2c70,1999,41,White,Arizona,Murder,West
575c66e01c4d362864dd2c71,2000,43,Black,Texas,Murder,South
575c66e01c4d362864dd2c72,2000,37,White,Texas,Murder,South
575c66e01c4d362864dd2c73,2001,40,White,Oklahoma,Murder,South
575c66e01c4d362864dd2c74,2002,28,Black,Texas,Murder,South
575c66e01c4d362864dd2c75,2002,54,White,Alabama,Murder,South
575c66e01c4d362864dd2c76,2002,35,White,Louisiana,Murder,South
575c66e01c4d362864dd2c77,2003,47,White,Texas,Murder,South
575c66e01c4d362864dd2c78,1987,25,White,Louisiana,Murder,South
575c66e01c4d362864dd2c7a,1997,33,White,Texas,Murder,South
575c66e01c4d362864dd2c7b,1998,39,White,Georgia,Murder,South
575c66e01c4d362864dd2c7c,2000,35,Black,Alabama,Murder,South
575c66e01c4d362864dd2c7d,2000,48,White,Texas,Murder,South
575c66e01c4d362864dd2c7e,1988,37,White,Utah,Murder,West
575c66e01c4d362864dd2c7f,1997,42,White,Alabama,Murder,South
575c66e01c4d362864dd2c80,2000,49,Black,Florida,Murder,South
575c66e01c4d362864dd2c81,2003,37,Black,Oklahoma,Murder,South
575c66e01c4d362864dd2c82,1997,32,Hispanic,Texas,Murder,South
575c66e01c4d362864dd2c83,1999,43,White,Oklahoma,Murder,South
575c66e01c4d362864dd2c84,1986,50,Hispanic,Texas,Murder,South
575c66e01c4d362864dd2c85,1987,31,White,Louisiana,Murder,South
575c66e01c4d362864dd2c86,1987,27,Black,Louisiana,Murder,South
575c66e01c4d362864dd2c87,1990,26,White,Nevada,Murder,West
575c66e01c4d362864dd2c88,1995,34,White,Texas,Murder,South
575c66e01c4d362864dd2c89,1995,34,Black,Texas,Murder,South
575c66e01c4d362864dd2c8a,1997,33,Black,Texas,Murder,South
575c66e01c4d362864dd2c8b,1997,34,Black,Texas,Murder,South
575c66e01c4d362864dd2c8c,1997,30,Black,Texas,Murder,South
575c66e01c4d362864dd2c8d,1998,47,White,Arizona,Murder,West
575c66e01c4d362864dd2c8e,1998,33,White,Texas,Murder,South
575c66e01c4d362864dd2c8f,1999,38,White,Texas,Murder,South
575c66e01c4d362864dd2c90,2000,51,Other,Oklahoma,Murder,South
575c66e01c4d362864dd2c91,2000,38,Black,Louisiana,Murder,South
575c66e01c4d362864dd2c92,2000,39,White,Oklahoma,Murder,South
575c66e01c4d362864dd2c93,2002,47,Black,Virginia,Murder,South
575c66e01c4d362864dd2c94,2003,38,Black,Texas,Murder,South
575c66e01c4d362864dd2c95,1993,31,Black,Texas,Murder,South
575c66e01c4d362864dd2c96,1999,55,White,Pennsylvania,Murder,Northeast
575c66e01c4d362864dd2c97,2000,50,White,Texas,Murder,South
575c66e01c4d362864dd2c98,2003,31,Black,Arkansas,Murder,South
575c66e01c4d362864dd2c99,1999,54,White,Florida,Murder,South
575c66e01c4d362864dd2c9a,1995,43,White,Oklahoma,Murder,South
575c66e01c4d362864dd2c9b,1987,27,Black,Mississippi,Murder,South
575c66e01c4d362864dd2c9c,2000,39,White,Virginia,Murder,South
575c66e01c4d362864dd2c9d,1998,43,White,South Carolina,Murder,South
575c66e01c4d362864dd2c9e,1999,45,White,Oklahoma,Murder,South
575c66e01c4d362864dd2c9f,2003,43,Black,Texas,Murder,South
575c66e01c4d362864dd2ca0,1984,28,Black,Georgia,Murder,South
575c66e01c4d362864dd2ca1,1985,43,Hispanic,Texas,Murder,South
575c66e01c4d362864dd2ca2,1987,41,White,Virginia,Murder,South
575c66e01c4d362864dd2ca3,1987,32,White,Texas,Murder,South
575c66e01c4d362864dd2ca4,1997,44,White,Kentucky,Murder,South
575c66e01c4d362864dd2ca5,1997,38,Black,Maryland,Murder,South
575c66e01c4d362864dd2ca6,1998,56,White,Arkansas,Murder,South
575c66e01c4d362864dd2ca7,1999,35,White,Texas,Murder,South
575c66e01c4d362864dd2ca8,1999,35,Black,Texas,Murder,South
575c66e01c4d362864dd2ca9,2001,42,Black,Missouri,Murder,Midwest
575c66e01c4d362864dd2caa,2001,39,White,Texas,Murder,South
575c66e01c4d362864dd2cab,2003,31,White,Oklahoma,Murder,South
575c66e01c4d362864dd2cac,2003,64,White,Texas,Murder,South
575c66e01c4d362864dd2cad,2003,39,White,Oklahoma,Murder,South
575c66e01c4d362864dd2cae,1994,37,White,Arkansas,Murder,South
575c66e01c4d362864dd2caf,1994,43,White,Arkansas,Murder,South
575c66e01c4d362864dd2cb0,1994,37,White,Arkansas,Murder,South
575c66e01c4d362864dd2cb1,1996,41,White,Arkansas,Murder,South
575c66e01c4d362864dd2cb2,1996,42,White,Oklahoma,Murder,South
575c66e01c4d362864dd2cb3,1997,53,White,Arkansas,Murder,South
575c66e01c4d362864dd2cb4,2000,59,White,Oklahoma,Murder,South
575c66e01c4d362864dd2cb5,2003,39,White,Alabama,Murder,South
575c66e01c4d362864dd2cb6,1996,34,Black,Missouri,Murder,Midwest
575c66e01c4d362864dd2cb7,1982,38,White,Virginia,Murder,South
575c66e01c4d362864dd2cb8,1992,38,Black,Texas,Murder,South
575c66e01c4d362864dd2cb9,1993,39,White,Texas,Murder,South
575c66e01c4d362864dd2cba,1993,58,White,Texas,Murder,South
575c66e01c4d362864dd2cbb,1994,35,White,Texas,Murder,South
575c66e01c4d362864dd2cbc,1995,40,White,Oklahoma,Murder,South
575c66e01c4d362864dd2cbd,1997,42,White,Missouri,Murder,Midwest
575c66e01c4d362864dd2cbe,1998,38,White,Oklahoma,Murder,South
575c66e01c4d362864dd2cbf,1999,41,White,Texas,Murder,South
575c66e01c4d362864dd2cc0,1999,39,Black,Texas,Murder,South
575c66e01c4d362864dd2cc1,1999,37,Black,Alabama,Murder,South
575c66e01c4d362864dd2cc2,1999,39,Black,Texas,Murder,South
575c66e01c4d362864dd2cc3,1999,56,White,Texas,Murder,South
575c66e01c4d362864dd2cc4,2000,36,Black,Texas,Murder,South
575c66e01c4d362864dd2cc5,2000,33,Hispanic,Texas,Murder,South
575c66e01c4d362864dd2cc6,2001,47,White,Texas,Murder,South
575c66e01c4d362864dd2cc7,2002,59,White,Texas,Murder,South
575c66e01c4d362864dd2cc8,2002,25,Black,Texas,Murder,South
575c66e01c4d362864dd2cc9,1987,34,White,Texas,Murder,South
575c66e01c4d362864dd2cca,1990,50,White,Illinois,Murder,Midwest
575c66e01c4d362864dd2ccb,1999,52,White,Arkansas,Murder,South
575c66e01c4d362864dd2ccc,2003,49,White,Florida,Murder,South
575c66e01c4d362864dd2ccd,1996,35,White,South Carolina,Murder,South
575c66e01c4d362864dd2cce,1996,56,White,Oregon,Murder,West
575c66e01c4d362864dd2ccf,1999,43,White,Arkansas,Murder,South
575c66e01c4d362864dd2cd0,1999,39,Black,Texas,Murder,South
575c66e01c4d362864dd2cd1,1991,58,White,South Carolina,Murder,South
575c66e01c4d362864dd2cd2,1997,34,Black,Texas,Murder,South
575c66e01c4d362864dd2cd3,1999,51,Black,Texas,Murder,South
575c66e01c4d362864dd2cd4,2002,36,Black,Texas,Murder,South
575c66e01c4d362864dd2cd5,1983,34,White,Mississippi,Murder,South
575c66e01c4d362864dd2cd6,1984,46,White,Florida,Murder,South
575c66e01c4d362864dd2cd7,1984,46,White,Louisiana,Murder,South
575c66e01c4d362864dd2cd8,1985,28,White,Texas,Murder,South
575c66e01c4d362864dd2cd9,1987,35,Black,Georgia,Murder,South
575c66e01c4d362864dd2cda,1990,43,White,Oklahoma,Murder,South
575c66e01c4d362864dd2cdb,1993,39,White,Texas,Murder,South
575c66e01c4d362864dd2cdc,1994,43,Black,Nebraska,Murder,Midwest
575c66e01c4d362864dd2cdd,1998,37,White,Texas,Murder,South
575c66e01c4d362864dd2cde,1999,49,White,Missouri,Murder,Midwest
575c66e01c4d362864dd2cdf,2001,35,White,Oklahoma,Murder,South
575c66e01c4d362864dd2ce0,2001,35,White,Oklahoma,Murder,South
575c66e01c4d362864dd2ce1,2002,42,White,Oklahoma,Murder,South
575c66e01c4d362864dd2ce2,2002,43,White,Oklahoma,Murder,South
575c66e01c4d362864dd2ce3,2001,35,White,Oklahoma,Murder,South
575c66e01c4d362864dd2ce4,1996,41,Black,Delaware,Murder,South
575c66e01c4d362864dd2ce5,2002,41,Black,Texas,Murder,South
575c66e01c4d362864dd2ce6,1997,35,White,Missouri,Murder,Midwest
575c66e01c4d362864dd2ce7,1999,37,Black,Missouri,Murder,Midwest
575c66e01c4d362864dd2ce8,1999,27,Black,Virginia,Murder,South
575c66e01c4d362864dd2ce9,2003,40,White,Texas,Murder,South
575c66e01c4d362864dd2cea,1993,39,Black,Virginia,Murder,South
575c66e01c4d362864dd2ceb,2003,31,White,Texas,Murder,South
575c66e01c4d362864dd2cec,1997,47,White,Arizona,Murder,West
575c66e01c4d362864dd2ced,2000,42,White,Texas,Murder,South
575c66e01c4d362864dd2cee,1993,35,Black,Missouri,Murder,Midwest
575c66e01c4d362864dd2cef,1995,37,White,North Carolina,Murder,South
575c66e01c4d362864dd2cf0,2000,38,Black,Texas,Murder,South
575c66e01c4d362864dd2cf1,1987,44,Hispanic,Texas,Murder,South
575c66e01c4d362864dd2cf2,1995,36,Hispanic,Texas,Murder,South
575c66e01c4d362864dd2cf3,2002,43,Black,Texas,Murder,South
575c66e01c4d362864dd2cf4,2003,30,Hispanic,Texas,Murder,South
575c66e01c4d362864dd2cf5,2003,34,White,Oklahoma,Murder,South
575c66e01c4d362864dd2cf6,2003,33,Black,Texas,Murder,South
575c66e01c4d362864dd2cf7,1998,42,Hispanic,Arizona,Murder,West
575c66e01c4d362864dd2cf8,1977,36,White,Utah,Murder,West
575c66e01c4d362864dd2cf9,1984,66,White,Florida,Murder,South
575c66e01c4d362864dd2cfa,1985,48,White,Texas,Murder,South
575c66e01c4d362864dd2cfb,1985,33,White,Florida,Murder,South
575c66e01c4d362864dd2cfc,1989,42,White,Florida,Murder,South
575c66e01c4d362864dd2cfd,1990,31,White,Missouri,Murder,Midwest
575c66e01c4d362864dd2cfe,1992,42,White,Wyoming,Murder,West
575c66e01c4d362864dd2cff,1992,39,Hispanic,Texas,Murder,South
575c66e01c4d362864dd2d00,1992,40,Black,Arkansas,Murder,South
575c66e01c4d362864dd2d01,1995,32,Black,Virginia,Murder,South
575c66e01c4d362864dd2d02,1995,33,White,Texas,Murder,South
575c66e01c4d362864dd2d03,1995,38,Black,Texas,Murder,South
575c66e01c4d362864dd2d04,1996,45,Black,Virginia,Murder,South
575c66e01c4d362864dd2d05,1996,49,White,Delaware,Murder,South
575c66e01c4d362864dd2d06,1996,36,White,Utah,Murder,West
575c66e01c4d362864dd2d07,1998,44,White,Illinois,Murder,Midwest
575c66e01c4d362864dd2d08,1998,47,White,Indiana,Murder,Midwest
575c66e01c4d362864dd2d09,1998,38,White,North Carolina,Murder,South
575c66e01c4d362864dd2d0a,1999,38,White,Arizona,Murder,West
575c66e01c4d362864dd2d0b,1999,36,White,Texas,Murder,South
575c66e01c4d362864dd2d0c,1999,52,Hispanic,Texas,Murder,South
575c66e01c4d362864dd2d0d,2000,46,White,Oklahoma,Murder,South
575c66e01c4d362864dd2d0e,2000,23,White,Virginia,Murder,South
575c66e01c4d362864dd2d0f,2000,31,White,Texas,Murder,South
575c66e01c4d362864dd2d10,2000,47,White,Texas,Murder,South
575c66e01c4d362864dd2d11,2000,27,Black,Texas,Murder,South
575c66e01c4d362864dd2d12,2000,39,White,Texas,Murder,South
575c66e01c4d362864dd2d13,2001,29,White,Oklahoma,Murder,South
575c66e01c4d362864dd2d14,2001,37,White,Texas,Murder,South
575c66e01c4d362864dd2d15,2001,31,Other,Oklahoma,Murder,South
575c66e01c4d362864dd2d16,2001,52,Black,Texas,Murder,South
575c66e01c4d362864dd2d17,2002,62,White,Georgia,Murder,South
575c66e01c4d362864dd2d18,2002,48,White,California,Murder,West
575c66e01c4d362864dd2d19,2002,48,White,Texas,Murder,South
575c66e01c4d362864dd2d1a,2003,37,White,Texas,Murder,South
575c66e01c4d362864dd2d1b,2003,32,White,Texas,Murder,South
575c66e01c4d362864dd2d1c,1999,51,White,South Carolina,Murder,South
575c66e01c4d362864dd2d1d,1997,34,Black,Texas,Murder,South
575c66e01c4d362864dd2d1e,1998,29,Black,Virginia,Murder,South
575c66e01c4d362864dd2d1f,1992,34,White,North Carolina,Murder,South
575c66e01c4d362864dd2d20,1996,47,White,South Carolina,Murder,South
575c66e01c4d362864dd2d21,1998,41,Hispanic,Texas,Murder,South
575c66e01c4d362864dd2d22,1998,37,White,Texas,Murder,South
575c66e01c4d362864dd2d23,1998,27,White,Washington,Murder,West
575c66e01c4d362864dd2d24,1995,38,White,Virginia,Murder,South
575c66e01c4d362864dd2d25,2001,26,White,Virginia,Murder,South
575c66e01c4d362864dd2d26,1990,44,Black,Virginia,Murder,South
575c66e01c4d362864dd2d27,1998,24,Black,Virginia,Murder,South
575c66e01c4d362864dd2d28,1999,27,Black,Virginia,Murder,South
575c66e01c4d362864dd2d29,2001,39,Black,North Carolina,Murder,South
575c66e01c4d362864dd2d2a,1999,57,Hispanic,Arizona,Murder,West
575c66e01c4d362864dd2d2b,2002,43,Hispanic,Florida,Murder,South
575c66e01c4d362864dd2d2c,2000,28,Black,Virginia,Murder,South
575c66e01c4d362864dd2d2d,1979,46,White,Nevada,Murder,West
575c66e01c4d362864dd2d2e,1984,30,Black,Virginia,Murder,South
575c66e01c4d362864dd2d2f,1984,38,Black,Louisiana,Murder,South
575c66e01c4d362864dd2d30,1984,39,White,Texas,Murder,South
575c66e01c4d362864dd2d31,1985,37,White,Indiana,Murder,Midwest
575c66e01c4d362864dd2d32,1991,36,White,North Carolina,Murder,South
575c66e01c4d362864dd2d33,1992,33,White,Missouri,Murder,Midwest
575c66e01c4d362864dd2d34,1993,47,White,Missouri,Murder,Midwest
575c66e01c4d362864dd2d35,1994,32,Black,Texas,Murder,South
575c66e01c4d362864dd2d36,1995,50,White,Texas,Murder,South
575c66e01c4d362864dd2d37,1996,38,Black,Florida,Murder,South
575c66e01c4d362864dd2d38,1997,41,Black,Texas,Murder,South
575c66e01c4d362864dd2d39,1997,36,White,Texas,Murder,South
575c66e01c4d362864dd2d3a,1997,53,White,Colorado,Murder,West
575c66e01c4d362864dd2d3b,1997,39,White,Missouri,Murder,Midwest
575c66e01c4d362864dd2d3c,1998,44,Hispanic,Nevada,Murder,West
575c66e01c4d362864dd2d3d,1999,41,White,Texas,Murder,South
575c66e01c4d362864dd2d3e,1999,51,White,Texas,Murder,South
575c66e01c4d362864dd2d3f,1999,35,White,Utah,Murder,West
575c66e01c4d362864dd2d40,1999,53,White,North Carolina,Murder,South
575c66e01c4d362864dd2d41,1999,31,Other,Texas,Murder,South
575c66e01c4d362864dd2d42,2001,53,White,Oklahoma,Murder,South
575c66e01c4d362864dd2d43,2001,33,Black,Texas,Murder,South
575c66e01c4d362864dd2d44,2001,55,White,Missouri,Murder,Midwest
575c66e01c4d362864dd2d45,2001,40,White,Georgia,Murder,South
575c66e01c4d362864dd2d46,2002,56,White,Texas,Murder,South
575c66e01c4d362864dd2d47,2002,46,White,Florida,Murder,South
575c66e01c4d362864dd2d48,1991,54,White,Texas,Murder,South
575c66e01c4d362864dd2d49,1999,46,Black,Texas,Murder,South
575c66e01c4d362864dd2d4a,2000,37,Black,Delaware,Murder,South
575c66e01c4d362864dd2d4b,1996,41,White,South Carolina,Murder,South
575c66e01c4d362864dd2d4c,1997,42,Black,Illinois,Murder,Midwest
575c66e01c4d362864dd2d4d,1997,43,White,Texas,Murder,South
575c66e01c4d362864dd2d4e,1998,52,White,Texas,Murder,South
575c66e01c4d362864dd2d4f,1998,50,White,North Carolina,Murder,South
575c66e01c4d362864dd2d50,1999,51,Black,North Carolina,Murder,South
575c66e01c4d362864dd2d51,2001,63,White,Georgia,Murder,South
575c66e01c4d362864dd2d52,2002,59,White,Georgia,Murder,South
575c66e01c4d362864dd2d53,2002,66,White,Texas,Murder,South
575c66e01c4d362864dd2d54,1996,45,White,Georgia,Murder,South
575c66e01c4d362864dd2d55,1997,43,Other,Texas,Murder,South
575c66e01c4d362864dd2d56,1989,43,Black,Alabama,Murder,South
575c66e01c4d362864dd2d57,1992,37,Black,Texas,Murder,South
575c66e01c4d362864dd2d58,1996,33,Black,South Carolina,Murder,South
575c66e01c4d362864dd2d59,1997,42,Black,Illinois,Murder,Midwest
575c66e01c4d362864dd2d5a,1997,40,Black,Indiana,Murder,Midwest
575c66e01c4d362864dd2d5b,1998,34,Black,Virginia,Murder,South
575c66e01c4d362864dd2d5c,1999,32,Black,Virginia,Murder,South
575c66e01c4d362864dd2d5d,2000,34,Black,North Carolina,Murder,South
575c66e01c4d362864dd2d5e,2000,32,Black,Texas,Murder,South
575c66e01c4d362864dd2d5f,2001,31,Black,Texas,Murder,South
575c66e01c4d362864dd2d60,1983,36,White,Florida,Murder,South
575c66e01c4d362864dd2d61,1984,52,White,North Carolina,Murder,South
575c66e01c4d362864dd2d62,1984,37,White,Florida,Murder,South
575c66e01c4d362864dd2d63,1988,37,Black,Texas,Murder,South
575c66e01c4d362864dd2d64,1988,33,White,Florida,Murder,South
575c66e01c4d362864dd2d65,1990,49,White,Florida,Murder,South
575c66e01c4d362864dd2d66,1992,36,Black,Alabama,Murder,South
575c66e01c4d362864dd2d67,1993,32,White,Texas,Murder,South
575c66e01c4d362864dd2d68,1994,34,White,Texas,Murder,South
575c66e01c4d362864dd2d69,1995,31,Black,Virginia,Murder,South
575c66e01c4d362864dd2d6a,1995,33,White,Missouri,Murder,Midwest
575c66e01c4d362864dd2d6b,1995,47,White,Illinois,Murder,Midwest
575c66e01c4d362864dd2d6c,1995,44,White,Missouri,Murder,Midwest
575c66e01c4d362864dd2d6d,1996,48,White,Georgia,Murder,South
575c66e01c4d362864dd2d6e,1996,42,Black,Virginia,Murder,South
575c66e01c4d362864dd2d6f,1997,30,White,Texas,Murder,South
575c66e01c4d362864dd2d70,1997,32,Black,South Carolina,Murder,South
575c66e01c4d362864dd2d71,1997,44,Black,Virginia,Murder,South
575c66e01c4d362864dd2d72,1997,35,Black,Texas,Murder,South
575c66e01c4d362864dd2d73,1998,32,Black,Maryland,Murder,South
575c66e01c4d362864dd2d74,1999,44,Black,South Carolina,Murder,South
575c66e01c4d362864dd2d75,1999,42,White,Texas,Murder,South
575c66e01c4d362864dd2d76,1999,39,Hispanic,Texas,Murder,South
575c66e01c4d362864dd2d77,2000,27,White,Texas,Murder,South
575c66e01c4d362864dd2d78,2000,32,Black,South Carolina,Murder,South
575c66e01c4d362864dd2d79,2000,36,White,Arizona,Murder,West
575c66e01c4d362864dd2d7a,2000,31,Hispanic,Texas,Murder,South
575c66e01c4d362864dd2d7b,2000,31,Black,Texas,Murder,South
575c66e01c4d362864dd2d7c,2000,48,White,Missouri,Murder,Midwest
575c66e01c4d362864dd2d7d,2001,45,Black,Georgia,Murder,South
575c66e01c4d362864dd2d7e,2001,45,White,New Mexico,Murder,West
575c66e01c4d362864dd2d7f,2001,41,White,Texas,Murder,South
575c66e01c4d362864dd2d80,2001,43,White,North Carolina,Murder,South
575c66e01c4d362864dd2d81,2002,38,Other,Virginia,Murder,South
575c66e01c4d362864dd2d82,2002,47,White,Texas,Murder,South
575c66e01c4d362864dd2d83,2002,37,White,Missouri,Murder,Midwest
575c66e01c4d362864dd2d84,1994,43,Black,Indiana,Murder,Midwest
575c66e01c4d362864dd2d85,1998,53,Black,South Carolina,Murder,South
575c66e01c4d362864dd2d86,1998,43,Black,South Carolina,Murder,South
575c66e01c4d362864dd2d87,1995,40,Other,Texas,Murder,South
575c66e01c4d362864dd2d88,1998,38,Black,South Carolina,Murder,South
575c66e01c4d362864dd2d89,2001,53,Other,Oklahoma,Murder,South
575c66e01c4d362864dd2d8a,1983,53,White,Georgia,Murder,South
575c66e01c4d362864dd2d8b,1999,48,White,Indiana,Murder,Midwest
575c66e01c4d362864dd2d8c,2002,56,White,Texas,Murder,South
575c66e01c4d362864dd2d8d,1998,40,White,Texas,Murder,South
575c66e01c4d362864dd2d8e,1998,39,Other,Oklahoma,Murder,South
575c66e01c4d362864dd2d8f,1999,46,White,Texas,Murder,South
575c66e01c4d362864dd2d90,2002,35,White,Oklahoma,Murder,South
575c66e01c4d362864dd2d91,2002,46,White,Alabama,Murder,South
575c66e01c4d362864dd2d92,1992,33,White,Virginia,Murder,South
575c66e01c4d362864dd2d93,1983,31,Black,Louisiana,Murder,South
575c66e01c4d362864dd2d94,1988,39,Black,Texas,Murder,South
575c66e01c4d362864dd2d95,1995,44,White,Missouri,Murder,Midwest
575c66e01c4d362864dd2d96,1997,26,White,Virginia,Murder,South
575c66e01c4d362864dd2d97,1998,29,Black,Virginia,Murder,South
575c66e01c4d362864dd2d98,1999,29,Black,Virginia,Murder,South
575c66e01c4d362864dd2d99,2000,27,Black,Virginia,Murder,South
575c66e01c4d362864dd2d9a,2000,37,Black,Arkansas,Murder,South
575c66e01c4d362864dd2d9b,2002,63,Black,Florida,Murder,South
575c66e01c4d362864dd2d9c,1986,30,Black,Texas,Murder,South
575c66e01c4d362864dd2d9d,1986,25,Hispanic,Texas,Murder,South
575c66e01c4d362864dd2d9e,1989,27,Hispanic,Texas,Murder,South
575c66e01c4d362864dd2d9f,1995,40,White,Florida,Murder,South
575c66e01c4d362864dd2da0,1998,42,Black,Texas,Murder,South
575c66e01c4d362864dd2da1,1982,40,Black,Texas,Murder,South
575c66e01c4d362864dd2da2,1984,39,Black,Georgia,Murder,South
575c66e01c4d362864dd2da3,1984,26,White,Louisiana,Murder,South
575c66e01c4d362864dd2da4,1985,47,White,Nevada,Murder,West
575c66e01c4d362864dd2da5,1990,38,White,Virginia,Murder,South
575c66e01c4d362864dd2da6,1992,29,Black,Texas,Murder,South
575c66e01c4d362864dd2da7,1993,33,White,Georgia,Murder,South
575c66e01c4d362864dd2da8,1993,59,Black,Texas,Murder,South
575c66e01c4d362864dd2da9,1993,44,White,Virginia,Murder,South
575c66e01c4d362864dd2daa,1994,48,Black,Texas,Murder,South
575c66e01c4d362864dd2dab,1994,53,White,Texas,Murder,South
575c66e01c4d362864dd2dac,1995,47,Black,Florida,Murder,South
575c66e01c4d362864dd2dad,1995,33,Black,Texas,Murder,South
575c66e01c4d362864dd2dae,1995,31,Hispanic,Texas,Murder,South
575c66e01c4d362864dd2daf,1995,40,White,Texas,Murder,South
575c66e01c4d362864dd2db0,1996,30,White,Virginia,Murder,South
575c66e01c4d362864dd2db1,1996,41,Black,Florida,Murder,South
575c66e01c4d362864dd2db2,1996,33,Black,Virginia,Murder,South
575c66e01c4d362864dd2db3,1996,40,White,Missouri,Murder,Midwest
575c66e01c4d362864dd2db4,1996,44,White,Virginia,Murder,South
575c66e01c4d362864dd2db5,1996,39,White,Virginia,Murder,South
575c66e01c4d362864dd2db6,1997,61,Black,Nebraska,Murder,Midwest
575c66e01c4d362864dd2db7,1997,37,White,Texas,Murder,South
575c66e01c4d362864dd2db8,1997,29,Black,Virginia,Murder,South
575c66e01c4d362864dd2db9,1998,39,White,Texas,Murder,South
575c66e01c4d362864dd2dba,1998,40,Black,South Carolina,Murder,South
575c66e01c4d362864dd2dbb,1998,47,White,Oklahoma,Murder,South
575c66e01c4d362864dd2dbc,1999,43,Black,Oklahoma,Murder,South
575c66e01c4d362864dd2dbd,1999,31,White,South Carolina,Murder,South
575c66e01c4d362864dd2dbe,1999,41,Black,Oklahoma,Murder,South
575c66e01c4d362864dd2dbf,1999,42,White,Texas,Murder,South
575c66e01c4d362864dd2dc0,1999,30,White,Texas,Murder,South
575c66e01c4d362864dd2dc1,1999,54,Black,Texas,Murder,South
575c66e01c4d362864dd2dc2,2000,33,White,Texas,Murder,South
575c66e01c4d362864dd2dc3,2000,50,White,Texas,Murder,South
575c66e01c4d362864dd2dc4,2000,50,Hispanic,Florida,Murder,South
575c66e01c4d362864dd2dc5,2000,60,White,Texas,Murder,South
575c66e01c4d362864dd2dc6,2001,61,White,Oklahoma,Murder,South
575c66e01c4d362864dd2dc7,2001,41,White,Georgia,Murder,South
575c66e01c4d362864dd2dc8,2001,37,Black,Texas,Murder,South
575c66e01c4d362864dd2dc9,2002,49,White,North Carolina,Murder,South
575c66e01c4d362864dd2dca,2002,35,Black,North Carolina,Murder,South
575c66e01c4d362864dd2dcb,2002,51,White,Mississippi,Murder,South
575c66e01c4d362864dd2dcc,2002,37,White,Oklahoma,Murder,South
575c66e01c4d362864dd2dcd,2002,36,Black,Oklahoma,Murder,South
575c66e01c4d362864dd2dce,2002,52,Hispanic,Texas,Murder,South
575c66e01c4d362864dd2dcf,1999,35,White,Arizona,Murder,West
575c66e01c4d362864dd2dd0,1998,29,Black,Missouri,Murder,Midwest
575c66e01c4d362864dd2dd1,1992,32,White,Texas,Murder,South
575c66e01c4d362864dd2dd2,1998,35,White,Oklahoma,Murder,South
575c66e01c4d362864dd2dd3,1998,31,White,Montana,Murder,West
575c66e01c4d362864dd2dd4,1999,31,Hispanic,Texas,Murder,South
575c66e01c4d362864dd2dd5,1999,42,White,Arkansas,Murder,South
575c66e01c4d362864dd2dd6,1996,49,White,California,Murder,West
575c66e01c4d362864dd2dd7,1996,45,Black,Texas,Murder,South
575c66e01c4d362864dd2dd8,2003,33,Black,Texas,Murder,South
575c66e01c4d362864dd2dd9,1984,30,Black,Louisiana,Murder,South
575c66e01c4d362864dd2dda,1985,41,Black,Georgia,Murder,South
575c66e01c4d362864dd2ddb,1991,38,Black,Texas,Murder,South
575c66e01c4d362864dd2ddc,1995,51,White,Texas,Murder,South
575c66e01c4d362864dd2ddd,1995,51,Black,Texas,Murder,South
575c66e01c4d362864dd2dde,1996,38,Black,Alabama,Murder,South
575c66e01c4d362864dd2ddf,1996,29,White,Missouri,Murder,Midwest
575c66e01c4d362864dd2de0,1997,39,Black,Virginia,Murder,South
575c66e01c4d362864dd2de1,1999,36,White,Ohio,Murder,Midwest
575c66e01c4d362864dd2de2,1999,38,White,Missouri,Murder,Midwest
575c66e01c4d362864dd2de3,1999,38,Black,Texas,Murder,South
575c66e01c4d362864dd2de4,2000,45,White,Arizona,Murder,West
575c66e01c4d362864dd2de5,2000,58,White,Florida,Murder,South
575c66e01c4d362864dd2de6,2000,38,Black,Texas,Murder,South
575c66e01c4d362864dd2de7,2000,40,White,Florida,Murder,South
575c66e01c4d362864dd2de8,2000,62,White,Texas,Murder,South
575c66e01c4d362864dd2de9,2002,38,White,Ohio,Murder,Midwest
575c66e01c4d362864dd2dea,2002,35,White,Texas,Murder,South
575c66e01c4d362864dd2deb,2003,39,Black,Oklahoma,Murder,South
575c66e01c4d362864dd2dec,2003,48,Black,Florida,Murder,South
575c66e01c4d362864dd2ded,2000,50,White,Arizona,Murder,West
575c66e01c4d362864dd2dee,2001,50,White,Missouri,Murder,Midwest
575c66e01c4d362864dd2def,2003,49,Black,Oklahoma,Murder,South
575c66e01c4d362864dd2df0,1984,54,White,North Carolina,Murder,South
575c66e01c4d362864dd2df1,1992,34,White,Delaware,Murder,South
575c66e01c4d362864dd2df2,1996,42,White,Nevada,Murder,West
575c66e01c4d362864dd2df3,1985,28,Black,Georgia,Murder,South
575c66e01c4d362864dd2df4,1992,46,White,Oklahoma,Murder,South
575c66e01c4d362864dd2df5,2001,52,White,Oklahoma,Murder,South
575c66e01c4d362864dd2df6,1998,29,White,Virginia,Murder,South
575c66e01c4d362864dd2df7,1993,36,Black,Virginia,Murder,South
575c66e01c4d362864dd2df8,2000,28,Black,Texas,Murder,South
575c66e01c4d362864dd2df9,1994,45,Black,Georgia,Murder,South
575c66e01c4d362864dd2dfa,1995,32,White,Oklahoma,Murder,South
575c66e01c4d362864dd2dfb,1997,39,Hispanic,Florida,Murder,South
575c66e01c4d362864dd2dfc,1998,37,Black,Missouri,Murder,Midwest
575c66e01c4d362864dd2dfd,2003,31,Black,Oklahoma,Murder,South
575c66e01c4d362864dd2dfe,1993,40,Hispanic,Texas,Murder,South
575c66e01c4d362864dd2dff,2000,28,Black,Virginia,Murder,South
575c66e01c4d362864dd2e00,2003,35,Black,Texas,Murder,South
575c66e01c4d362864dd2e01,1984,29,White,Texas,Murder,South
575c66e01c4d362864dd2e02,1984,39,White,Texas,Murder,South
575c66e01c4d362864dd2e03,1985,37,White,Texas,Murder,South
575c66e01c4d362864dd2e04,1986,47,Black,Alabama,Murder,South
575c66e01c4d362864dd2e05,1988,54,Black,Florida,Murder,South
575c66e01c4d362864dd2e06,1988,38,White,Louisiana,Murder,South
575c66e01c4d362864dd2e07,1989,44,Black,Texas,Murder,South
575c66e01c4d362864dd2e08,1992,40,White,Alabama,Murder,South
575c66e01c4d362864dd2e09,1993,38,Hispanic,Texas,Murder,South
575c66e01c4d362864dd2e0a,1994,33,Black,Texas,Murder,South
575c66e01c4d362864dd2e0b,1995,27,White,Delaware,Murder,South
575c66e01c4d362864dd2e0c,1995,40,Black,Illinois,Murder,Midwest
575c66e01c4d362864dd2e0d,1995,41,White,Illinois,Murder,Midwest
575c66e01c4d362864dd2e0e,1998,46,White,Florida,Murder,South
575c66e01c4d362864dd2e0f,1998,47,Black,Florida,Murder,South
575c66e01c4d362864dd2e10,1998,35,Black,Virginia,Murder,South
575c66e01c4d362864dd2e11,1998,54,White,Florida,Murder,South
575c66e01c4d362864dd2e12,1998,40,Other,Florida,Murder,South
575c66e01c4d362864dd2e13,1999,35,White,Illinois,Murder,Midwest
575c66e01c4d362864dd2e14,1999,44,Black,Texas,Murder,South
575c66e01c4d362864dd2e15,1999,57,White,Virginia,Murder,South
575c66e01c4d362864dd2e16,1999,26,White,North Carolina,Murder,South
575c66e01c4d362864dd2e17,1999,61,White,Texas,Murder,South
575c66e01c4d362864dd2e18,2000,45,Other,California,Murder,West
575c66e01c4d362864dd2e19,2000,36,White,Texas,Murder,South
575c66e01c4d362864dd2e1a,2000,62,White,Missouri,Murder,Midwest
575c66e01c4d362864dd2e1b,2000,31,Black,Oklahoma,Murder,South
575c66e01c4d362864dd2e1c,2001,41,White,Indiana,Murder,Midwest
575c66e01c4d362864dd2e1d,2001,59,White,California,Murder,West
575c66e01c4d362864dd2e1e,2002,35,White,Virginia,Murder,South
575c66e01c4d362864dd2e1f,2003,43,White,Alabama,Murder,South
575c66e01c4d362864dd2e21,2003,57,White,Georgia,Murder,South
575c66e01c4d362864dd2e22,2003,43,White,Texas,Murder,South
575c66e01c4d362864dd2e23,1983,33,White,Alabama,Murder,South
575c66e01c4d362864dd2e24,1985,28,Black,Virginia,Murder,South
575c66e01c4d362864dd2e25,1986,39,Black,Florida,Murder,South
575c66e01c4d362864dd2e26,1992,39,White,California,Murder,West
575c66e01c4d362864dd2e27,1996,39,White,Delaware,Murder,South
575c66e01c4d362864dd2e28,1997,55,White,Texas,Murder,South
575c66e01c4d362864dd2e29,1999,45,Black,Missouri,Murder,Midwest
575c66e01c4d362864dd2e2a,1999,29,White,Virginia,Murder,South
575c66e01c4d362864dd2e2b,2001,46,Black,Missouri,Murder,Midwest
575c66e01c4d362864dd2e2c,1993,48,White,Florida,Murder,South
575c66e01c4d362864dd2e2d,1993,35,White,Arizona,Murder,West
575c66e01c4d362864dd2e2e,1999,37,White,Delaware,Murder,South
575c66e01c4d362864dd2e2f,1988,34,Black,Louisiana,Murder,South
575c66e01c4d362864dd2e30,1988,33,Black,Virginia,Murder,South
575c66e01c4d362864dd2e31,1990,54,Black,Texas,Murder,South
575c66e01c4d362864dd2e32,1995,47,Black,Alabama,Murder,South
575c66e01c4d362864dd2e33,2001,32,Black,Texas,Murder,South
575c66e01c4d362864dd2e34,2003,40,Black,Oklahoma,Murder,South
575c66e01c4d362864dd2e35,1998,45,Hispanic,Arizona,Murder,West
575c66e01c4d362864dd2e36,2002,52,Hispanic,Texas,Murder,South
575c66e01c4d362864dd2e37,2003,34,Hispanic,Texas,Murder,South
575c66e01c4d362864dd2e38,1986,37,Black,Florida,Murder,South
575c66e01c4d362864dd2e39,1986,28,White,Texas,Murder,South
575c66e01c4d362864dd2e3a,1990,35,White,South Carolina,Murder,South
575c66e01c4d362864dd2e3b,1991,32,White,Florida,Murder,South
575c66e01c4d362864dd2e3c,1992,34,Black,Texas,Murder,South
575c66e01c4d362864dd2e3d,1994,38,White,Florida,Murder,South
575c66e01c4d362864dd2e3e,1994,41,White,Texas,Murder,South
575c66e01c4d362864dd2e3f,1994,32,Black,Virginia,Murder,South
575c66e01c4d362864dd2e40,1995,64,White,Arkansas,Murder,South
575c66e01c4d362864dd2e41,1996,38,White,Oklahoma,Murder,South
575c66e01c4d362864dd2e42,1997,50,White,Texas,Murder,South
575c66e01c4d362864dd2e43,1997,36,White,Texas,Murder,South
575c66e01c4d362864dd2e44,1997,53,White,Texas,Murder,South
575c66e01c4d362864dd2e45,1997,35,White,Louisiana,Murder,South
575c66e01c4d362864dd2e46,1998,32,Hispanic,Virginia,Murder,South
575c66e01c4d362864dd2e47,1998,42,White,Missouri,Murder,Midwest
575c66e01c4d362864dd2e48,1998,38,White,Texas,Murder,South
575c66e01c4d362864dd2e49,1998,42,White,Texas,Murder,South
575c66e01c4d362864dd2e4a,1998,43,White,Arizona,Murder,West
575c66e01c4d362864dd2e4b,1998,34,White,Texas,Murder,South
575c66e01c4d362864dd2e4c,1999,36,Black,Virginia,Murder,South
575c66e01c4d362864dd2e4d,1999,61,Black,Missouri,Murder,Midwest
575c66e01c4d362864dd2e4e,1999,26,White,Texas,Murder,South
575c66e01c4d362864dd2e4f,1999,38,White,Virginia,Murder,South
575c66e01c4d362864dd2e50,2000,52,Black,Alabama,Murder,South
575c66e01c4d362864dd2e51,2000,44,White,Tennessee,Murder,South
575c66e01c4d362864dd2e52,2000,43,Black,Oklahoma,Murder,South
575c66e01c4d362864dd2e53,2001,37,White,Nevada,Murder,West
575c66e01c4d362864dd2e54,2001,46,White,Delaware,Murder,South
575c66e01c4d362864dd2e55,2002,47,White,Texas,Murder,South
575c66e01c4d362864dd2e56,2002,46,Black,Ohio,Murder,Midwest
575c66e01c4d362864dd2e57,2003,44,White,Alabama,Murder,South
575c66e01c4d362864dd2e58,2003,44,White,Ohio,Murder,Midwest
575c66e01c4d362864dd2e59,1999,26,White,Virginia,Murder,South
575c66e01c4d362864dd2e5a,1985,39,Black,Florida,Murder,South
575c66e01c4d362864dd2e5b,1990,40,White,Missouri,Murder,Midwest
575c66e01c4d362864dd2e5c,1986,24,White,Texas,Murder,South
575c66e01c4d362864dd2e5d,1991,59,Hispanic,Texas,Murder,South
575c66e01c4d362864dd2e5e,1997,56,White,Oregon,Murder,West
575c66e01c4d362864dd2e5f,1997,34,White,Texas,Murder,South
575c66e01c4d362864dd2e60,1999,50,White,Kentucky,Murder,South
575c66e01c4d362864dd2e61,2003,62,White,Oklahoma,Murder,South
575c66e01c4d362864dd2e62,1994,39,White,Washington,Murder,West
575c66e01c4d362864dd2e63,1997,39,White,Texas,Murder,South
575c66e01c4d362864dd2e64,2003,48,White,Florida,Murder,South
575c66e01c4d362864dd2e65,2000,34,Black,Texas,Murder,South
575c66e01c4d362864dd2e66,1985,24,Hispanic,Texas,Murder,South
575c66e01c4d362864dd2e67,1987,35,Black,Georgia,Murder,South
575c66e01c4d362864dd2e68,1995,59,Black,Louisiana,Murder,South
575c66e01c4d362864dd2e69,1999,46,Black,Missouri,Murder,Midwest
575c66e01c4d362864dd2e6a,2000,51,Black,Oklahoma,Murder,South
575c66e01c4d362864dd2e6b,2001,40,Black,Missouri,Murder,Midwest
575c66e01c4d362864dd2e6c,2001,37,Black,Delaware,Murder,South
575c66e01c4d362864dd2e6d,2001,42,Black,Oklahoma,Murder,South
575c66e01c4d362864dd2e6e,1992,27,Hispanic,Texas,Murder,South
575c66e01c4d362864dd2e6f,1998,34,Black,Texas,Murder,South
575c66e01c4d362864dd2e70,1979,30,White,Florida,Murder,South
575c66e01c4d362864dd2e71,1986,42,White,Florida,Murder,South
575c66e01c4d362864dd2e72,1987,26,Black,Mississippi,Murder,South
575c66e01c4d362864dd2e73,1987,44,Black,Georgia,Murder,South
575c66e01c4d362864dd2e74,1987,27,Black,Texas,Murder,South
575c66e01c4d362864dd2e75,1987,31,White,Georgia,Murder,South
575c66e01c4d362864dd2e76,1989,36,Black,Georgia,Murder,South
575c66e01c4d362864dd2e77,1989,41,White,Texas,Murder,South
575c66e01c4d362864dd2e78,1989,28,Black,Alabama,Murder,South
575c66e01c4d362864dd2e79,1990,30,White,Texas,Murder,South
575c66e01c4d362864dd2e7a,1990,30,Black,Louisiana,Murder,South
575c66e01c4d362864dd2e7b,1992,33,White,Virginia,Murder,South
575c66e01c4d362864dd2e7c,1992,45,White,Texas,Murder,South
575c66e01c4d362864dd2e7d,1993,37,White,Texas,Murder,South
575c66e01c4d362864dd2e7e,1994,44,White,Maryland,Murder,South
575c66e01c4d362864dd2e7f,1994,33,White,Texas,Murder,South
575c66e01c4d362864dd2e80,1995,37,Black,Illinois,Murder,Midwest
575c66e01c4d362864dd2e81,1995,39,White,Georgia,Murder,South
575c66e01c4d362864dd2e82,1995,49,Black,Virginia,Murder,South
575c66e01c4d362864dd2e83,1996,51,White,South Carolina,Murder,South
575c66e01c4d362864dd2e84,1997,36,Black,Texas,Murder,South
575c66e01c4d362864dd2e85,1997,38,White,Texas,Murder,South
575c66e01c4d362864dd2e86,1997,42,White,Texas,Murder,South
575c66e01c4d362864dd2e87,1997,37,Black,Texas,Murder,South
575c66e01c4d362864dd2e88,1997,47,White,Texas,Murder,South
575c66e01c4d362864dd2e89,1998,41,Hispanic,Texas,Murder,South
575c66e01c4d362864dd2e8a,2000,32,Black,Texas,Murder,South
575c66e01c4d362864dd2e8b,2000,47,White,Texas,Murder,South
575c66e01c4d362864dd2e8c,2000,33,Black,Texas,Murder,South
575c66e01c4d362864dd2e8d,2001,41,Other,Oklahoma,Murder,South
575c66e01c4d362864dd2e8e,2002,32,White,Texas,Murder,South
575c66e01c4d362864dd2e8f,2002,29,Hispanic,Texas,Murder,South
575c66e01c4d362864dd2e90,2002,25,Black,Texas,Murder,South
575c66e01c4d362864dd2e91,2002,35,White,Texas,Murder,South
575c66e01c4d362864dd2e92,2003,56,White,Texas,Murder,South
575c66e01c4d362864dd2e93,1987,35,White,Louisiana,Murder,South
575c66e01c4d362864dd2e94,1999,59,White,Arizona,Murder,West
575c66e01c4d362864dd2e95,2000,53,White,Missouri,Murder,Midwest
575c66e01c4d362864dd2e96,1990,49,White,Arkansas,Murder,South
575c66e01c4d362864dd2e97,1994,45,Black,Delaware,Murder,South
575c66e01c4d362864dd2e98,2001,54,White,Indiana,Murder,Midwest
575c66e01c4d362864dd2e99,2002,33,White,Texas,Murder,South
575c66e01c4d362864dd2e9a,1997,44,Black,Texas,Murder,South
575c66e01c4d362864dd2e9c,2003,46,White,Indiana,Murder,Midwest
575c66e01c4d362864dd2e9d,1998,30,Hispanic,Texas,Murder,South
575c66e01c4d362864dd2e9e,1985,34,Black,Texas,Murder,South
575c66e01c4d362864dd2e9f,1989,36,Black,Mississippi,Murder,South
575c66e01c4d362864dd2ea0,1991,46,Black,Florida,Murder,South
575c66e01c4d362864dd2ea1,1995,40,Black,Missouri,Murder,Midwest
575c66e01c4d362864dd2ea2,2001,48,Black,Ohio,Murder,Midwest
575c66e01c4d362864dd2ea3,2002,30,Black,Texas,Murder,South
575c66e01c4d362864dd2ea4,2003,42,Black,Ohio,Murder,Midwest
575c66e01c4d362864dd2ea5,2000,44,Black,Texas,Murder,South
575c66e01c4d362864dd2ea6,1984,30,White,Florida,Murder,South
575c66e01c4d362864dd2ea7,1985,32,Black,Virginia,Murder,South
575c66e01c4d362864dd2ea8,1986,37,White,Texas,Murder,South
575c66e01c4d362864dd2ea9,1986,34,Black,Georgia,Murder,South
575c66e01c4d362864dd2eaa,1987,28,Black,Texas,Murder,South
575c66e01c4d362864dd2eab,1988,28,White,Louisiana,Murder,South
575c66e01c4d362864dd2eac,1989,51,White,Nevada,Murder,West
575c66e01c4d362864dd2ead,1989,28,White,Nevada,Murder,West
575c66e01c4d362864dd2eae,1990,46,White,Arkansas,Murder,South
575c66e01c4d362864dd2eaf,1990,37,Black,Texas,Murder,South
575c66e01c4d362864dd2eb0,1991,54,White,Texas,Murder,South
575c66e01c4d362864dd2eb1,1993,36,White,Virginia,Murder,South
575c66e01c4d362864dd2eb2,1993,36,White,Georgia,Murder,South
575c66e01c4d362864dd2eb3,1993,46,White,Texas,Murder,South
575c66e01c4d362864dd2eb4,1994,38,White,Texas,Murder,South
575c66e01c4d362864dd2eb5,1994,38,White,North Carolina,Murder,South
575c66e01c4d362864dd2eb6,1995,40,Black,Texas,Murder,South
575c66e01c4d362864dd2eb7,1995,30,Black,Texas,Murder,South
575c66e01c4d362864dd2eb8,1996,29,White,Arizona,Murder,West
575c66e01c4d362864dd2eb9,1997,41,White,South Carolina,Murder,South
575c66e01c4d362864dd2eba,1997,38,White,Texas,Murder,South
575c66e01c4d362864dd2ebb,1997,30,Hispanic,Texas,Murder,South
575c66e01c4d362864dd2ebc,1997,51,White,Arizona,Murder,West
575c66e01c4d362864dd2ebd,1998,40,White,Texas,Murder,South
575c66e01c4d362864dd2ebe,1998,41,White,Virginia,Murder,South
575c66e01c4d362864dd2ebf,1999,38,Black,Missouri,Murder,Midwest
575c66e01c4d362864dd2ec0,1999,61,White,Texas,Murder,South
575c66e01c4d362864dd2ec1,1999,40,Black,Alabama,Murder,South
575c66e01c4d362864dd2ec2,1999,33,White,Missouri,Murder,Midwest
575c66e01c4d362864dd2ec3,2000,29,Black,Oklahoma,Murder,South
575c66e01c4d362864dd2ec4,2000,31,Hispanic,Texas,Murder,South
575c66e01c4d362864dd2ec5,2000,51,White,Florida,Murder,South
575c66e01c4d362864dd2ec6,2000,36,Black,Texas,Murder,South
575c66e01c4d362864dd2ec7,2000,29,Hispanic,Texas,Murder,South
575c66e01c4d362864dd2ec8,2001,57,White,Texas,Murder,South
575c66e01c4d362864dd2ec9,2001,46,Black,Texas,Murder,South
575c66e01c4d362864dd2eca,2002,27,White,Texas,Murder,South
575c66e01c4d362864dd2ecb,1992,37,Black,Utah,Murder,West
575c66e01c4d362864dd2ecc,1993,32,Black,Texas,Murder,South
575c66e01c4d362864dd2ecd,1996,42,Black,Indiana,Murder,Midwest
575c66e01c4d362864dd2ece,2002,42,White,Oklahoma,Murder,South
575c66e01c4d362864dd2ecf,1995,32,Black,Missouri,Murder,Midwest
575c66e01c4d362864dd2ed0,2003,31,Black,Oklahoma,Murder,South
575c66e01c4d362864dd2ed1,1992,47,Black,Florida,Murder,South
575c66e01c4d362864dd2ed2,1996,33,White,Nebraska,Murder,Midwest
575c66e01c4d362864dd2ed3,2003,33,White,Oklahoma,Murder,South
575c66e01c4d362864dd2ed4,1984,34,Black,Florida,Murder,South
575c66e01c4d362864dd2ed5,1995,42,White,Florida,Murder,South
575c66e01c4d362864dd2ed6,1996,47,White,South Carolina,Murder,South
575c66e01c4d362864dd2ed7,1991,35,Black,Louisiana,Murder,South
575c66e01c4d362864dd2ed8,1993,29,Black,Missouri,Murder,Midwest
575c66e01c4d362864dd2ed9,1999,33,White,Virginia,Murder,South
575c66e01c4d362864dd2eda,1986,40,Black,Virginia,Murder,South
575c66e01c4d362864dd2edb,1987,30,Black,Louisiana,Murder,South
575c66e01c4d362864dd2edc,1987,31,Black,Louisiana,Murder,South
575c66e01c4d362864dd2edd,1987,25,White,Louisiana,Murder,South
575c66e01c4d362864dd2ede,1988,34,White,Georgia,Murder,South
575c66e01c4d362864dd2edf,1989,28,Black,Alabama,Murder,South
575c66e01c4d362864dd2ee0,1990,35,Black,Alabama,Murder,South
575c66e01c4d362864dd2ee1,1990,33,White,Texas,Murder,South
575c66e01c4d362864dd2ee2,1990,27,White,Virginia,Murder,South
575c66e01c4d362864dd2ee3,1990,38,Black,Florida,Murder,South
575c66e01c4d362864dd2ee4,1991,31,White,Virginia,Murder,South
575c66e01c4d362864dd2ee5,1992,34,White,Virginia,Murder,South
575c66e01c4d362864dd2ee6,1993,32,Black,Missouri,Murder,Midwest
575c66e01c4d362864dd2ee7,1996,37,White,Virginia,Murder,South
575c66e01c4d362864dd2ee8,1996,55,Other,Missouri,Murder,Midwest
575c66e01c4d362864dd2ee9,1997,50,White,Virginia,Murder,South
575c66e01c4d362864dd2eea,1997,55,White,Virginia,Murder,South
575c66e01c4d362864dd2eeb,1997,35,Other,Texas,Murder,South
575c66e01c4d362864dd2eec,1998,43,White,California,Murder,West
575c66e01c4d362864dd2eed,1998,47,White,Virginia,Murder,South
575c66e01c4d362864dd2eee,2000,39,White,Oklahoma,Murder,South
575c66e01c4d362864dd2eef,2000,33,Hispanic,Texas,Murder,South
575c66e01c4d362864dd2ef0,2001,40,Other,Oklahoma,Murder,South
575c66e01c4d362864dd2ef1,2002,39,White,Mississippi,Murder,South
575c66e01c4d362864dd2ef2,2002,51,White,Oklahoma,Murder,South
575c66e01c4d362864dd2ef3,2003,27,White,Virginia,Murder,South
575c66e01c4d362864dd2ef4,2003,29,Black,Texas,Murder,South
575c66e01c4d362864dd2ef5,2003,33,White,Oklahoma,Murder,South
575c66e01c4d362864dd2ef6,2003,53,White,Texas,Murder,South
575c66e01c4d362864dd2ef7,1987,33,White,Alabama,Murder,South
575c66e01c4d362864dd2ef8,1987,41,Black,Florida,Murder,South
575c66e01c4d362864dd2ef9,1990,44,White,Missouri,Murder,Midwest
575c66e01c4d362864dd2efa,1987,34,Black,Utah,Murder,West
575c66e01c4d362864dd2efb,1993,29,Black,Texas,Murder,South
575c66e01c4d362864dd2efc,1996,39,White,Missouri,Murder,Midwest
575c66e01c4d362864dd2efd,2000,32,White,Virginia,Murder,South
575c66e01c4d362864dd2efe,2001,39,White,Texas,Murder,South
575c66e01c4d362864dd2eff,2001,35,White,Oklahoma,Murder,South
575c66e01c4d362864dd2f00,2000,37,Black,Texas,Murder,South
575c66e01c4d362864dd2f01,2002,27,Black,Texas,Murder,South
575c66e01c4d362864dd2f02,1995,52,White,Pennsylvania,Murder,Northeast
575c66e01c4d362864dd2f03,2000,47,White,Missouri,Murder,Midwest
575c66e01c4d362864dd2f04,1991,36,Black,Missouri,Murder,Midwest
575c66e01c4d362864dd2f05,1989,43,Black,Alabama,Murder,South
575c66e01c4d362864dd2f06,1995,39,Black,South Carolina,Murder,South
575c66e01c4d362864dd2f07,1998,43,Hispanic,Texas,Murder,South
575c66e01c4d362864dd2f08,2003,34,Black,North Carolina,Murder,South
575c66e01c4d362864dd2f09,1993,26,Hispanic,Texas,Murder,South
575c66e01c4d362864dd2f0a,1996,45,Hispanic,Arizona,Murder,West
575c66e01c4d362864dd2f0b,2002,33,Hispanic,Texas,Murder,South
575c66e01c4d362864dd2f0c,1986,36,White,Texas,Murder,South
575c66e01c4d362864dd2f0d,1986,30,Black,Texas,Murder,South
575c66e01c4d362864dd2f0e,1986,37,White,Texas,Murder,South
575c66e01c4d362864dd2f0f,1987,36,White,Louisiana,Murder,South
575c66e01c4d362864dd2f10,1989,34,Black,Virginia,Murder,South
575c66e01c4d362864dd2f11,1991,30,Black,Virginia,Murder,South
575c66e01c4d362864dd2f12,1993,34,Black,Texas,Murder,South
575c66e01c4d362864dd2f13,1993,36,White,California,Murder,West
575c66e01c4d362864dd2f14,1993,33,White,Florida,Murder,South
575c66e01c4d362864dd2f15,1993,33,Black,Delaware,Murder,South
575c66e01c4d362864dd2f16,1995,39,Black,Texas,Murder,South
575c66e01c4d362864dd2f17,1995,41,Black,Arkansas,Murder,South
575c66e01c4d362864dd2f18,1997,54,White,Missouri,Murder,Midwest
575c66e01c4d362864dd2f19,1997,35,Black,Virginia,Murder,South
575c66e01c4d362864dd2f1a,1997,32,White,Missouri,Murder,Midwest
575c66e01c4d362864dd2f1b,1998,62,White,North Carolina,Murder,South
575c66e01c4d362864dd2f1c,1998,25,Black,Virginia,Murder,South
575c66e01c4d362864dd2f1d,1998,31,Black,Virginia,Murder,South
575c66e01c4d362864dd2f1e,1999,26,Black,Virginia,Murder,South
575c66e01c4d362864dd2f1f,1999,37,Hispanic,Texas,Murder,South
575c66e01c4d362864dd2f20,2000,53,Black,Texas,Murder,South
575c66e01c4d362864dd2f21,2000,40,White,Texas,Murder,South
575c66e01c4d362864dd2f22,2000,39,White,Texas,Murder,South
575c66e01c4d362864dd2f23,2000,30,White,Florida,Murder,South
575c66e01c4d362864dd2f24,2001,43,White,North Carolina,Murder,South
575c66e01c4d362864dd2f25,2001,58,White,Washington,Murder,West
575c66e01c4d362864dd2f26,2001,42,White,North Carolina,Murder,South
575c66e01c4d362864dd2f27,2002,35,White,Missouri,Murder,Midwest
575c66e01c4d362864dd2f28,2002,52,White,Georgia,Murder,South
575c66e01c4d362864dd2f29,2002,38,White,Texas,Murder,South
575c66e01c4d362864dd2f2a,2002,37,Black,South Carolina,Murder,South
575c66e01c4d362864dd2f2b,1992,34,Black,Virginia,Murder,South
575c66e01c4d362864dd2f2c,1992,37,Black,Texas,Murder,South
575c66e01c4d362864dd2f2d,1994,47,White,Texas,Murder,South
575c66e01c4d362864dd2f2e,1997,45,White,Texas,Murder,South
575c66e01c4d362864dd2f2f,1998,44,White,Virginia,Murder,South
575c66e01c4d362864dd2f30,2002,42,White,Texas,Murder,South
575c66e01c4d362864dd2f31,1998,40,White,South Carolina,Murder,South
575c66e01c4d362864dd2f32,1995,34,White,North Carolina,Murder,South
575c66e01c4d362864dd2f33,1996,44,Black,Illinois,Murder,Midwest
575c66e01c4d362864dd2f34,1984,34,Black,Florida,Murder,South
575c66e01c4d362864dd2f35,1995,40,Black,Texas,Murder,South
575c66e01c4d362864dd2f36,1997,48,Black,Missouri,Murder,Midwest
575c66e01c4d362864dd2f37,1999,42,Black,Texas,Murder,South
575c66e01c4d362864dd2f38,2000,41,Black,Missouri,Murder,Midwest
575c66e01c4d362864dd2f39,2002,48,Black,Texas,Murder,South
575c66e01c4d362864dd2f3a,1998,34,Hispanic,Texas,Murder,South
575c66e01c4d362864dd2f3b,2001,50,White,Texas,Murder,South
575c66e01c4d362864dd2f3c,1986,27,White,North Carolina,Murder,South
575c66e01c4d362864dd2f3d,1987,35,White,Georgia,Murder,South
575c66e01c4d362864dd2f3e,1989,44,White,Texas,Murder,South
575c66e01c4d362864dd2f3f,1990,61,White,Florida,Murder,South
575c66e01c4d362864dd2f40,1991,42,Black,Texas,Murder,South
575c66e01c4d362864dd2f41,1991,44,Black,Georgia,Murder,South
575c66e01c4d362864dd2f42,1993,31,Black,Virginia,Murder,South
575c66e01c4d362864dd2f43,1993,33,Black,Texas,Murder,South
575c66e01c4d362864dd2f44,1994,29,Hispanic,Texas,Murder,South
575c66e01c4d362864dd2f45,1995,49,White,Arizona,Murder,West
575c66e01c4d362864dd2f46,1995,58,White,Illinois,Murder,Midwest
575c66e01c4d362864dd2f47,1995,54,White,Virginia,Murder,South
575c66e01c4d362864dd2f48,1996,36,Hispanic,Texas,Murder,South
575c66e01c4d362864dd2f49,1997,25,Hispanic,Virginia,Murder,South
575c66e01c4d362864dd2f4a,1997,37,Black,Texas,Murder,South
575c66e01c4d362864dd2f4b,1997,38,White,Texas,Murder,South
575c66e01c4d362864dd2f4c,1999,51,White,Virginia,Murder,South
575c66e01c4d362864dd2f4d,1999,43,White,Texas,Murder,South
575c66e01c4d362864dd2f4e,1999,28,Black,Delaware,Murder,South
575c66e01c4d362864dd2f4f,1999,38,Black,North Carolina,Murder,South
575c66e01c4d362864dd2f50,2000,33,White,Virginia,Murder,South
575c66e01c4d362864dd2f51,2000,43,White,Texas,Murder,South
575c66e01c4d362864dd2f52,2001,27,White,Missouri,Murder,Midwest
575c66e01c4d362864dd2f53,2002,40,White,South Carolina,Murder,South
575c66e01c4d362864dd2f54,2002,44,White,Texas,Murder,South
575c66e01c4d362864dd2f55,2002,30,White,Texas,Murder,South
575c66e01c4d362864dd2f56,2002,62,White,Ohio,Murder,Midwest
575c66e01c4d362864dd2f57,2003,54,White,Texas,Murder,South
575c66e01c4d362864dd2f58,2003,58,Other,North Carolina,Murder,South
575c66e01c4d362864dd2f59,2003,35,White,North Carolina,Murder,South
575c66e01c4d362864dd2f5a,2003,39,White,North Carolina,Murder,South
575c66e01c4d362864dd2f5b,2003,42,White,Missouri,Murder,Midwest
575c66e01c4d362864dd2f5c,2003,55,White,Georgia,Murder,South
575c66e01c4d362864dd2f5d,2003,39,White,North Carolina,Murder,South
575c66e01c4d362864dd2f5e,2003,46,Black,North Carolina,Murder,South
575c66e01c4d362864dd2f5f,2003,41,White,Texas,Murder,South
575c66e01c4d362864dd2f60,2003,61,White,Texas,Murder,South
575c66e01c4d362864dd2f61,2003,38,White,Texas,Murder,South
575c66e01c4d362864dd2f62,2003,31,Black,North Carolina,Murder,South
575c66e01c4d362864dd2f63,2004,27,Black,Texas,Murder,South
575c66e01c4d362864dd2f64,2004,44,Black,Arkansas,Murder,South
575c66e01c4d362864dd2f65,2004,32,White,North Carolina,Murder,South
575c66e01c4d362864dd2f66,2004,39,Black,Oklahoma,Murder,South
575c66e01c4d362864dd2f67,2004,45,Black,Ohio,Murder,Midwest
575c66e01c4d362864dd2f68,2004,32,Black,Texas,Murder,South
575c66e01c4d362864dd2f69,2004,42,White,Texas,Murder,South
575c66e01c4d362864dd2f6a,2004,58,White,Texas,Murder,South
575c66e01c4d362864dd2f6b,2004,41,White,Ohio,Murder,Midwest
575c66e01c4d362864dd2f6c,2004,51,Black,Florida,Murder,South
575c66e01c4d362864dd2f6d,2004,46,Black,Texas,Murder,South
575c66e01c4d362864dd2f6e,2004,36,Black,Texas,Murder,South
575c66e01c4d362864dd2f6f,2004,38,White,Oklahoma,Murder,South
575c66e01c4d362864dd2f70,2004,36,White,Texas,Murder,South
575c66e01c4d362864dd2f71,2004,29,Black,Texas,Murder,South
575c66e01c4d362864dd2f72,2004,49,White,Oklahoma,Murder,South
575c66e01c4d362864dd2f73,2004,30,White,Virginia,Murder,South
575c66e01c4d362864dd2f74,2004,39,White,South Carolina,Murder,South
575c66e01c4d362864dd2f75,2004,37,Other,Oklahoma,Murder,South
575c66e01c4d362864dd2f76,2004,35,White,Nevada,Murder,West
575c66e01c4d362864dd2f77,2004,52,White,Ohio,Murder,Midwest
575c66e01c4d362864dd2f78,2004,39,White,Virginia,Murder,South
575c66e01c4d362864dd2f79,2004,51,White,South Carolina,Murder,South
575c66e01c4d362864dd2f7a,2004,38,White,South Carolina,Murder,South
575c66e01c4d362864dd2f7b,2004,50,Black,Texas,Murder,South
575c66e01c4d362864dd2f7c,2004,49,White,Florida,Murder,South
575c66e01c4d362864dd2f7d,2004,47,White,South Carolina,Murder,South
575c66e01c4d362864dd2f7e,2004,45,White,Ohio,Murder,Midwest
575c66e01c4d362864dd2f7f,2004,63,White,Oklahoma,Murder,South
575c66e01c4d362864dd2f80,2004,42,White,Maryland,Murder,South
575c66e01c4d362864dd2f81,2004,43,White,Texas,Murder,South
575c66e01c4d362864dd2f82,2004,47,White,Georgia,Murder,South
575c66e01c4d362864dd2f83,2004,47,White,Ohio,Murder,Midwest
575c66e01c4d362864dd2f84,2004,57,White,Georgia,Murder,South
575c66e01c4d362864dd2f85,2004,40,White,Ohio,Murder,Midwest
575c66e01c4d362864dd2f86,2004,34,White,Virginia,Murder,South
575c66e01c4d362864dd2f87,2004,74,White,Alabama,Murder,South
575c66e01c4d362864dd2f88,2004,56,White,Nevada,Murder,West
575c66e01c4d362864dd2f89,2004,57,White,Virginia,Murder,South
575c66e01c4d362864dd2f8a,2004,28,White,Texas,Murder,South
575c66e01c4d362864dd2f8b,2004,46,White,Oklahoma,Murder,South
575c66e01c4d362864dd2f8c,2004,41,Black,Texas,Murder,South
575c66e01c4d362864dd2f8d,2004,58,Black,Virginia,Murder,South
575c66e01c4d362864dd2f8e,2004,32,Hispanic,Texas,Murder,South
575c66e01c4d362864dd2f8f,2004,33,White,Alabama,Murder,South
575c66e01c4d362864dd2f90,2004,30,Black,Texas,Murder,South
575c66e01c4d362864dd2f91,2004,42,Hispanic,Texas,Murder,South
575c66e01c4d362864dd2f92,2004,51,Black,North Carolina,Murder,South
575c66e01c4d362864dd2f93,2004,39,White,Texas,Murder,South
575c66e01c4d362864dd2f94,2004,28,Black,Ohio,Murder,Midwest
575c66e01c4d362864dd2f95,2004,53,White,Texas,Murder,South
575c66e01c4d362864dd2f96,2004,30,White,North Carolina,Murder,South
575c66e01c4d362864dd2f97,2004,30,Black,Texas,Murder,South
575c66e01c4d362864dd2f98,2004,52,Black,Texas,Murder,South
575c66e01c4d362864dd2f99,2004,47,White,Texas,Murder,South
575c66e01c4d362864dd2f9a,2004,30,Black,Texas,Murder,South
575c66e01c4d362864dd2f9b,2004,30,Black,Texas,Murder,South
575c66e01c4d362864dd2f9c,2004,32,White,North Carolina,Murder,South
575c66e01c4d362864dd2f9d,2004,30,Hispanic,Texas,Murder,South
575c66e01c4d362864dd2f9e,2005,33,White,Texas,Murder,South
575c66e01c4d362864dd2f9f,2005,61,White,California,Murder,West
575c66e01c4d362864dd2fa0,2005,38,White,Texas,Murder,South
575c66e01c4d362864dd2fa1,2005,34,White,Georgia,Murder,South
575c66e01c4d362864dd2fa2,2005,41,White,Texas,Murder,South
575c66e01c4d362864dd2fa3,2005,39,White,Georgia,Murder,South
575c66e01c4d362864dd2fa4,2005,47,Black,Ohio,Murder,Midwest
575c66e01c4d362864dd2fa5,2005,50,White,Texas,Murder,South
575c66e01c4d362864dd2fa6,2005,47,White,Indiana,Murder,Midwest
575c66e01c4d362864dd2fa7,2005,58,White,North Carolina,Murder,South
575c66e01c4d362864dd2fa8,2005,57,White,Oklahoma,Murder,South
575c66e01c4d362864dd2fa9,2005,37,Black,Missouri,Murder,Midwest
575c66e01c4d362864dd2faa,2005,47,White,Florida,Murder,South
575c66e01c4d362864dd2fab,2005,36,White,South Carolina,Murder,South
575c66e01c4d362864dd2fac,2005,42,White,Texas,Murder,South
575c66e01c4d362864dd2fad,2005,48,White,Indiana,Murder,Midwest
575c66e01c4d362864dd2fae,2005,38,Black,Missouri,Murder,Midwest
575c66e01c4d362864dd2faf,2005,39,White,Alabama,Murder,South
575c66e01c4d362864dd2fb0,2005,43,White,Texas,Murder,South
575c66e01c4d362864dd2fb1,2005,43,Black,North Carolina,Murder,South
575c66e01c4d362864dd2fb2,2005,45,White,Connecticut,Murder,Northeast
575c66e01c4d362864dd2fb3,2005,37,Black,Oklahoma,Murder,South
575c66e01c4d362864dd2fb4,2005,51,Black,Missouri,Murder,Midwest
575c66e01c4d362864dd2fb5,2005,44,Black,Texas,Murder,South
575c66e01c4d362864dd2fb6,2005,31,White,Texas,Murder,South
575c66e01c4d362864dd2fb7,2005,40,White,Indiana,Murder,Midwest
575c66e01c4d362864dd2fb8,2005,58,White,Alabama,Murder,South
575c66e01c4d362864dd2fb9,2005,28,Hispanic,Texas,Murder,South
575c66e01c4d362864dd2fba,2005,44,White,Georgia,Murder,South
575c66e01c4d362864dd2fbb,2005,37,Black,Oklahoma,Murder,South
575c66e01c4d362864dd2fbc,2005,38,White,Indiana,Murder,Midwest
575c66e01c4d362864dd2fbd,2005,29,Hispanic,Texas,Murder,South
575c66e01c4d362864dd2fbe,2005,62,White,Alabama,Murder,South
575c66e01c4d362864dd2fbf,2005,38,Black,Texas,Murder,South
575c66e01c4d362864dd2fc0,2005,52,Black,Oklahoma,Murder,South
575c66e01c4d362864dd2fc1,2005,30,White,Texas,Murder,South
575c66e01c4d362864dd2fc2,2005,44,White,Missouri,Murder,Midwest
575c66e01c4d362864dd2fc3,2005,40,Black,Texas,Murder,South
575c66e01c4d362864dd2fc4,2005,48,White,Alabama,Murder,South
575c66e01c4d362864dd2fc5,2005,32,White,Ohio,Murder,Midwest
575c66e01c4d362864dd2fc6,2005,54,White,Indiana,Murder,Midwest
575c66e01c4d362864dd2fc7,2005,32,Black,Texas,Murder,South
575c66e01c4d362864dd2fc8,2005,42,Hispanic,Texas,Murder,South
575c66e01c4d362864dd2fc9,2005,48,Black,Ohio,Murder,Midwest
575c66e01c4d362864dd2fca,2005,38,Black,Missouri,Murder,Midwest
575c66e01c4d362864dd2fcb,2005,55,White,Texas,Murder,South
575c66e01c4d362864dd2fcc,2005,36,White,Delaware,Murder,South
575c66e01c4d362864dd2fcd,2005,51,Black,South Carolina,Murder,South
575c66e01c4d362864dd2fce,2005,38,White,Texas,Murder,South
575c66e01c4d362864dd2fcf,2005,35,White,North Carolina,Murder,South
575c66e01c4d362864dd2fd0,2005,50,White,Texas,Murder,South
575c66e01c4d362864dd2fd1,2005,34,Black,Texas,Murder,South
575c66e01c4d362864dd2fd2,2005,67,White,North Carolina,Murder,South
575c66e01c4d362864dd2fd3,2005,45,White,Arkansas,Murder,South
575c66e01c4d362864dd2fd4,2005,49,Black,Ohio,Murder,Midwest
575c66e01c4d362864dd2fd5,2005,57,White,North Carolina,Murder,South
575c66e01c4d362864dd2fd6,2005,33,White,South Carolina,Murder,South
575c66e01c4d362864dd2fd7,2005,47,Black,Maryland,Murder,South
575c66e01c4d362864dd2fd8,2005,51,Black,California,Murder,West
575c66e01c4d362864dd2fd9,2005,77,White,Mississippi,Murder,South
575c66e01c4d362864dd2fda,2006,76,Other,California,Murder,West
575c66e01c4d362864dd2fdb,2006,43,Black,North Carolina,Murder,South
575c66e01c4d362864dd2fdc,2006,33,Black,Texas,Murder,South
575c66e01c4d362864dd2fdd,2006,58,White,Indiana,Murder,Midwest
575c66e01c4d362864dd2fde,2006,34,Hispanic,Texas,Murder,South
575c66e01c4d362864dd2fdf,2006,43,White,Ohio,Murder,Midwest
575c66e01c4d362864dd2fe0,2006,31,White,Texas,Murder,South
575c66e01c4d362864dd2fe1,2006,32,Black,Texas,Murder,South
575c66e01c4d362864dd2fe2,2006,31,Black,Texas,Murder,South
575c66e01c4d362864dd2fe3,2006,39,White,North Carolina,Murder,South
575c66e01c4d362864dd2fe4,2006,27,Hispanic,Texas,Murder,South
575c66e01c4d362864dd2fe5,2006,38,Black,Texas,Murder,South
575c66e01c4d362864dd2fe6,2006,40,White,Oklahoma,Murder,South
575c66e01c4d362864dd2fe7,2006,61,Black,North Carolina,Murder,South
575c66e01c4d362864dd2fe8,2006,47,Black,Nevada,Murder,West
575c66e01c4d362864dd2fe9,2006,43,Black,Virginia,Murder,South
575c66e01c4d362864dd2fea,2006,57,Black,Ohio,Murder,Midwest
575c66e01c4d362864dd2feb,2006,40,Hispanic,Texas,Murder,South
575c66e01c4d362864dd2fec,2006,27,Black,Texas,Murder,South
575c66e01c4d362864dd2fed,2006,42,Hispanic,Texas,Murder,South
575c66e01c4d362864dd2fee,2006,74,White,Oklahoma,Murder,South
575c66e01c4d362864dd2fef,2006,34,White,Texas,Murder,South
575c66e01c4d362864dd2ff0,2006,28,Black,Texas,Murder,South
575c66e01c4d362864dd2ff1,2006,46,Hispanic,Texas,Murder,South
575c66e01c4d362864dd2ff2,2006,51,White,Tennessee,Murder,South
575c66e01c4d362864dd2ff3,2006,31,Black,Texas,Murder,South
575c66e01c4d362864dd2ff4,2006,49,White,Ohio,Murder,Midwest
575c66e01c4d362864dd2ff5,2006,39,White,South Carolina,Murder,South
575c66e01c4d362864dd2ff6,2006,31,Black,Texas,Murder,South
575c66e01c4d362864dd2ff7,2006,40,White,Texas,Murder,South
575c66e01c4d362864dd2ff8,2006,27,White,Virginia,Murder,South
575c66e01c4d362864dd2ff9,2006,42,White,Virginia,Murder,South
575c66e01c4d362864dd2ffa,2006,41,Black,Texas,Murder,South
575c66e01c4d362864dd2ffb,2006,28,White,Ohio,Murder,Midwest
575c66e01c4d362864dd2ffc,2006,49,White,Montana,Murder,West
575c66e01c4d362864dd2ffd,2006,45,Hispanic,Texas,Murder,South
575c66e01c4d362864dd2ffe,2006,37,White,North Carolina,Murder,South
575c66e01c4d362864dd2fff,2006,27,Black,Texas,Murder,South
575c66e01c4d362864dd3000,2006,49,Black,Oklahoma,Murder,South
575c66e01c4d362864dd3001,2006,31,White,Oklahoma,Murder,South
575c66e01c4d362864dd3002,2006,29,Black,Texas,Murder,South
575c66e01c4d362864dd3003,2006,43,Black,Texas,Murder,South
575c66e01c4d362864dd3004,2006,48,Black,Florida,Murder,South
575c66e01c4d362864dd3005,2006,57,White,Florida,Murder,South
575c66e01c4d362864dd3006,2006,43,White,Mississippi,Murder,South
575c66e01c4d362864dd3007,2006,56,White,Ohio,Murder,Midwest
575c66e01c4d362864dd3008,2006,52,White,Florida,Murder,South
575c66e01c4d362864dd3009,2006,48,White,Texas,Murder,South
575c66e01c4d362864dd300a,2006,37,White,Alabama,Murder,South
575c66e01c4d362864dd300b,2006,33,Black,Texas,Murder,South
575c66e01c4d362864dd300c,2006,33,Black,Texas,Murder,South
575c66e01c4d362864dd300d,2006,33,White,Virginia,Murder,South
575c66e01c4d362864dd300e,2006,55,Hispanic,Florida,Murder,South
575c66e01c4d362864dd300f,2007,38,Black,Oklahoma,Murder,South
575c66e01c4d362864dd3010,2007,36,Hispanic,Texas,Murder,South
575c66e01c4d362864dd3011,2007,33,White,Texas,Murder,South
575c66e01c4d362864dd3012,2007,31,White,Texas,Murder,South
575c66e01c4d362864dd3013,2007,47,Black,Texas,Murder,South
575c66e01c4d362864dd3014,2007,30,White,Texas,Murder,South
575c66e01c4d362864dd3015,2007,44,White,Texas,Murder,South
575c66e01c4d362864dd3016,2007,48,Hispanic,Texas,Murder,South
575c66e01c4d362864dd3017,2007,45,Black,Texas,Murder,South
575c66e01c4d362864dd3018,2007,42,Black,Texas,Murder,South
575c66e01c4d362864dd3019,2007,28,Hispanic,Texas,Murder,South
575c66e01c4d362864dd301a,2007,51,White,Texas,Murder,South
575c66e01c4d362864dd301b,2007,38,White,Texas,Murder,South
575c66e01c4d362864dd301c,2007,41,White,Ohio,Murder,Midwest
575c66e01c4d362864dd301d,2007,30,White,Texas,Murder,South
575c66e01c4d362864dd301e,2007,55,Black,Alabama,Murder,South
575c66e01c4d362864dd301f,2007,42,White,Indiana,Murder,Midwest
575c66e01c4d362864dd3020,2007,53,White,Tennessee,Murder,South
575c66e01c4d362864dd3021,2007,41,White,Texas,Murder,South
575c66e01c4d362864dd3022,2007,50,White,Arizona,Murder,West
575c66e01c4d362864dd3023,2007,37,White,Ohio,Murder,Midwest
575c66e01c4d362864dd3024,2007,56,White,Texas,Murder,South
575c66e01c4d362864dd3025,2007,36,White,Indiana,Murder,Midwest
575c66e01c4d362864dd3026,2007,36,Hispanic,Texas,Murder,South
575c66e01c4d362864dd3027,2007,33,Hispanic,Texas,Murder,South
575c66e01c4d362864dd3028,2007,40,Black,South Carolina,Murder,South
575c66e01c4d362864dd3029,2007,49,White,Oklahoma,Murder,South
575c66e01c4d362864dd302a,2007,39,White,Texas,Murder,South
575c66e01c4d362864dd302b,2007,63,Black,Georgia,Murder,South
575c66e01c4d362864dd302c,2007,25,White,South Dakota,Murder,Midwest
575c66e01c4d362864dd302d,2007,44,Black,Texas,Murder,South
575c66e01c4d362864dd302e,2007,46,Black,Alabama,Murder,South
575c66e01c4d362864dd302f,2007,27,Black,Texas,Murder,South
575c66e01c4d362864dd3030,2007,46,White,Oklahoma,Murder,South
575c66e01c4d362864dd3031,2007,32,Black,Texas,Murder,South
575c66e01c4d362864dd3032,2007,47,Black,Alabama,Murder,South
575c66e01c4d362864dd3033,2007,32,Black,Texas,Murder,South
575c66e01c4d362864dd3034,2007,32,Hispanic,Texas,Murder,South
575c66e01c4d362864dd3035,2007,30,White,Texas,Murder,South
575c66e01c4d362864dd3036,2007,45,White,Tennessee,Murder,South
575c66e01c4d362864dd3037,2007,32,White,Texas,Murder,South
575c66e01c4d362864dd3038,2007,49,Black,Texas,Murder,South
575c66e01c4d362864dd3039,2008,53,White,Georgia,Murder,South
575c66e01c4d362864dd303a,2008,49,White,Mississippi,Murder,South
575c66e01c4d362864dd303b,2008,31,Black,Virginia,Murder,South
575c66e01c4d362864dd303c,2008,37,Black,Georgia,Murder,South
575c66e01c4d362864dd303d,2008,48,White,South Carolina,Murder,South
575c66e01c4d362864dd303e,2008,37,White,Texas,Murder,South
575c66e01c4d362864dd303f,2008,47,White,Oklahoma,Murder,South
575c66e01c4d362864dd3040,2008,49,Black,South Carolina,Murder,South
575c66e01c4d362864dd3041,2008,30,Black,Virginia,Murder,South
575c66e01c4d362864dd3042,2008,39,White,Florida,Murder,South
575c66e01c4d362864dd3043,2008,29,Black,Texas,Murder,South
575c66e01c4d362864dd3044,2008,26,Black,Virginia,Murder,South
575c66e01c4d362864dd3045,2008,34,White,Mississippi,Murder,South
575c66e01c4d362864dd3046,2008,40,Black,Texas,Murder,South
575c66e01c4d362864dd3047,2008,36,White,Virginia,Murder,South
575c66e01c4d362864dd3048,2008,40,Black,Texas,Murder,South
575c66e01c4d362864dd3049,2008,33,Hispanic,Texas,Murder,South
575c66e01c4d362864dd304a,2008,32,Black,Texas,Murder,South
575c66e01c4d362864dd304b,2008,57,White,Georgia,Murder,South
575c66e01c4d362864dd304c,2008,39,White,Texas,Murder,South
575c66e01c4d362864dd304d,2008,45,Hispanic,Texas,Murder,South
575c66e01c4d362864dd304e,2008,34,Black,Florida,Murder,South
575c66e01c4d362864dd304f,2008,52,White,Oklahoma,Murder,South
575c66e01c4d362864dd3050,2008,41,White,Ohio,Murder,Midwest
575c66e01c4d362864dd3051,2008,57,White,Texas,Murder,South
575c66e01c4d362864dd3052,2008,27,Black,Texas,Murder,South
575c66e01c4d362864dd3053,2008,29,White,Texas,Murder,South
575c66e01c4d362864dd3054,2008,47,White,Texas,Murder,South
575c66e01c4d362864dd3055,2008,29,Hispanic,Texas,Murder,South
575c66e01c4d362864dd3056,2008,46,Black,Texas,Murder,South
575c66e01c4d362864dd3057,2008,36,Black,Texas,Murder,South
575c66e01c4d362864dd3058,2008,42,White,Texas,Murder,South
575c66e01c4d362864dd3059,2008,42,Black,Texas,Murder,South
575c66e01c4d362864dd305a,2008,53,Black,Ohio,Murder,Midwest
575c66e01c4d362864dd305b,2008,45,Black,Texas,Murder,South
575c66e01c4d362864dd305c,2008,37,White,Kentucky,Murder,South
575c66e01c4d362864dd305d,2008,38,Black,South Carolina,Murder,South
575c66e01c4d362864dd305e,2009,44,Black,Virginia,Murder,South
575c66e01c4d362864dd305f,2009,40,Black,Texas,Murder,South
575c66e01c4d362864dd3060,2009,62,White,Alabama,Murder,South
575c66e01c4d362864dd3061,2009,49,Black,Texas,Murder,South
575c66e01c4d362864dd3062,2009,32,Black,Oklahoma,Murder,South
575c66e01c4d362864dd3063,2009,53,Black,Texas,Murder,South
575c66e01c4d362864dd3064,2009,41,Hispanic,Texas,Murder,South
575c66e01c4d362864dd3065,2009,46,Hispanic,Texas,Murder,South
575c66e01c4d362864dd3066,2009,55,White,Tennessee,Murder,South
575c66e01c4d362864dd3067,2009,36,Hispanic,Texas,Murder,South
575c66e01c4d362864dd3068,2009,35,Black,Texas,Murder,South
575c66e01c4d362864dd3069,2009,51,White,Florida,Murder,South
575c66e01c4d362864dd306a,2009,49,White,Alabama,Murder,South
575c66e01c4d362864dd306b,2009,51,Black,Texas,Murder,South
575c66e01c4d362864dd306c,2009,56,White,South Carolina,Murder,South
575c66e01c4d362864dd306d,2009,34,Black,Texas,Murder,South
575c66e01c4d362864dd306e,2009,38,Black,Texas,Murder,South
575c66e01c4d362864dd306f,2009,34,Hispanic,Texas,Murder,South
575c66e01c4d362864dd3070,2009,65,White,Georgia,Murder,South
575c66e01c4d362864dd3071,2009,38,Hispanic,Texas,Murder,South
575c66e01c4d362864dd3072,2009,35,Hispanic,Texas,Murder,South
575c66e01c4d362864dd3073,2009,49,Black,Alabama,Murder,South
575c66e01c4d362864dd3074,2009,52,White,Georgia,Murder,South
575c66e01c4d362864dd3075,2009,28,Black,Texas,Murder,South
575c66e01c4d362864dd3076,2009,34,Black,South Carolina,Murder,South
575c66e01c4d362864dd3077,2009,44,Black,Alabama,Murder,South
575c66e01c4d362864dd3078,2009,48,White,Oklahoma,Murder,South
575c66e01c4d362864dd3079,2009,51,Black,Texas,Murder,South
575c66e01c4d362864dd307a,2009,49,White,Missouri,Murder,Midwest
575c66e01c4d362864dd307b,2009,34,White,Texas,Murder,South
575c66e01c4d362864dd307c,2009,39,White,Ohio,Murder,Midwest
575c66e01c4d362864dd307d,2009,62,White,Alabama,Murder,South
575c66e01c4d362864dd307e,2009,32,White,Oklahoma,Murder,South
575c66e01c4d362864dd307f,2009,45,White,Ohio,Murder,Midwest
575c66e01c4d362864dd3080,2009,36,Black,Ohio,Murder,Midwest
575c66e01c4d362864dd3081,2009,33,White,Ohio,Murder,Midwest
575c66e01c4d362864dd3082,2009,45,White,Florida,Murder,South
575c66e01c4d362864dd3083,2009,52,White,Texas,Murder,South
575c66e01c4d362864dd3084,2009,37,Black,Texas,Murder,South
575c66e01c4d362864dd3085,2009,38,White,Alabama,Murder,South
575c66e01c4d362864dd3086,2009,42,White,Georgia,Murder,South
575c66e01c4d362864dd3087,2009,28,Black,Texas,Murder,South
575c66e01c4d362864dd3088,2009,32,Black,Texas,Murder,South
575c66e01c4d362864dd3089,2009,34,Hispanic,Texas,Murder,South
575c66e01c4d362864dd308a,2009,48,Black,Virginia,Murder,South
575c66e01c4d362864dd308b,2009,60,White,Virginia,Murder,South
575c66e01c4d362864dd308c,2009,30,Black,Texas,Murder,South
575c66e01c4d362864dd308d,2009,34,Black,Texas,Murder,South
575c66e01c4d362864dd308e,2009,53,Black,Tennessee,Murder,South
575c66e01c4d362864dd308f,2009,44,White,Texas,Murder,South
575c66e01c4d362864dd3090,2009,51,White,Ohio,Murder,Midwest
575c66e01c4d362864dd3091,2009,49,White,Indiana,Murder,Midwest
575c66e01c4d362864dd3092,2010,37,Black,Ohio,Murder,Midwest
575c66e01c4d362864dd3093,2010,51,Black,Texas,Murder,South
575c66e01c4d362864dd3094,2010,47,White,Louisiana,Murder,South
575c66e01c4d362864dd3095,2010,59,White,Texas,Murder,South
575c66e01c4d362864dd3096,2010,60,Black,Oklahoma,Murder,South
575c66e01c4d362864dd3097,2010,37,Black,Ohio,Murder,Midwest
575c66e01c4d362864dd3098,2010,45,White,Florida,Murder,South
575c66e01c4d362864dd3099,2010,32,Hispanic,Texas,Murder,South
575c66e01c4d362864dd309a,2010,31,White,Texas,Murder,South
575c66e01c4d362864dd309b,2010,43,White,Ohio,Murder,Midwest
575c66e01c4d362864dd309c,2010,31,White,Virginia,Murder,South
575c66e01c4d362864dd309d,2010,34,Black,Texas,Murder,South
575c66e01c4d362864dd309e,2010,46,Black,Ohio,Murder,Midwest
575c66e01c4d362864dd309f,2010,31,White,Texas,Murder,South
575c66e01c4d362864dd30a0,2010,40,Hispanic,Texas,Murder,South
575c66e01c4d362864dd30a1,2010,41,White,Texas,Murder,South
575c66e01c4d362864dd30a2,2010,48,White,Ohio,Murder,Midwest
575c66e01c4d362864dd30a3,2010,41,White,Texas,Murder,South
575c66e01c4d362864dd30a4,2010,37,Hispanic,Texas,Murder,South
575c66e01c4d362864dd30a5,2010,62,White,Mississippi,Murder,South
575c66e01c4d362864dd30a6,2010,72,White,Mississippi,Murder,South
575c66e01c4d362864dd30a7,2010,37,Black,Virginia,Murder,South
575c66e01c4d362864dd30a8,2010,54,Hispanic,Texas,Murder,South
575c66e01c4d362864dd30a9,2010,63,White,Alabama,Murder,South
575c66e01c4d362864dd30aa,2010,36,Black,Texas,Murder,South
575c66e01c4d362864dd30ab,2010,49,White,Georgia,Murder,South
575c66e01c4d362864dd30ac,2010,42,White,Alabama,Murder,South
575c66e01c4d362864dd30ad,2010,59,White,Texas,Murder,South
575c66e01c4d362864dd30ae,2010,49,White,Utah,Murder,West
575c66e01c4d362864dd30af,2010,28,White,Texas,Murder,South
575c66e01c4d362864dd30b0,2010,37,Black,Ohio,Murder,Midwest
575c66e01c4d362864dd30b1,2010,42,Black,Texas,Murder,South
575c66e01c4d362864dd30b2,2010,42,White,Mississippi,Murder,South
575c66e01c4d362864dd30b3,2010,38,Black,Ohio,Murder,Midwest
575c66e01c4d362864dd30b4,2010,41,White,Alabama,Murder,South
575c66e01c4d362864dd30b5,2010,35,Hispanic,Texas,Murder,South
575c66e01c4d362864dd30b6,2010,50,Black,Alabama,Murder,South
575c66e01c4d362864dd30b7,2010,52,White,Washington,Murder,West
575c66e01c4d362864dd30b8,2010,41,White,Virginia,Murder,South
575c66e01c4d362864dd30b9,2010,31,White,Georgia,Murder,South
575c66e01c4d362864dd30ba,2010,49,White,Ohio,Murder,Midwest
575c66e01c4d362864dd30bb,2010,41,White,Oklahoma,Murder,South
575c66e01c4d362864dd30bc,2010,51,Black,Texas,Murder,South
575c66e01c4d362864dd30bd,2010,50,Other,Arizona,Murder,West
575c66e11c4d362864dd30be,2010,63,White,Alabama,Murder,South
575c66e11c4d362864dd30bf,2010,58,White,Oklahoma,Murder,South
575c66e11c4d362864dd30c0,2011,39,Black,Oklahoma,Murder,South
575c66e11c4d362864dd30c1,2011,38,White,Oklahoma,Murder,South
575c66e11c4d362864dd30c2,2011,52,Black,Alabama,Murder,South
575c66e11c4d362864dd30c3,2011,45,Black,Georgia,Murder,South
575c66e11c4d362864dd30c4,2011,47,White,Missouri,Murder,Midwest
575c66e11c4d362864dd30c5,2011,31,White,Texas,Murder,South
575c66e11c4d362864dd30c6,2011,59,White,Ohio,Murder,Midwest
575c66e11c4d362864dd30c7,2011,42,Black,Texas,Murder,South
575c66e11c4d362864dd30c8,2011,37,Black,Ohio,Murder,Midwest
575c66e11c4d362864dd30c9,2011,47,Black,Arizona,Murder,West
575c66e11c4d362864dd30ca,2011,45,White,Alabama,Murder,South
575c66e11c4d362864dd30cb,2011,49,Black,Ohio,Murder,Midwest
575c66e11c4d362864dd30cc,2011,46,White,Texas,Murder,South
575c66e11c4d362864dd30cd,2011,36,White,South Carolina,Murder,South
575c66e11c4d362864dd30ce,2011,52,White,Mississippi,Murder,South
575c66e11c4d362864dd30cf,2011,63,White,Ohio,Murder,Midwest
575c66e11c4d362864dd30d0,2011,39,Black,Mississippi,Murder,South
575c66e11c4d362864dd30d1,2011,42,White,Alabama,Murder,South
575c66e11c4d362864dd30d2,2011,56,White,Arizona,Murder,West
575c66e11c4d362864dd30d3,2011,42,Black,Texas,Murder,South
575c66e11c4d362864dd30d4,2011,41,Black,Alabama,Murder,South
575c66e11c4d362864dd30d5,2011,32,White,Texas,Murder,South
575c66e11c4d362864dd30d6,2011,32,Black,Texas,Murder,South
575c66e11c4d362864dd30d7,2011,55,White,Georgia,Murder,South
575c66e11c4d362864dd30d8,2011,49,White,Arizona,Murder,West
575c66e11c4d362864dd30d9,2011,38,Hispanic,Texas,Murder,South
575c66e11c4d362864dd30da,2011,52,White,Arizona,Murder,West
575c66e11c4d362864dd30db,2011,41,White,Texas,Murder,South
575c66e11c4d362864dd30dc,2011,37,White,Georgia,Murder,South
575c66e11c4d362864dd30dd,2011,38,White,Delaware,Murder,South
575c66e11c4d362864dd30de,2011,33,Hispanic,Texas,Murder,South
575c66e11c4d362864dd30df,2011,30,Black,Virginia,Murder,South
575c66e11c4d362864dd30e0,2011,31,White,Texas,Murder,South
575c66e11c4d362864dd30e1,2011,41,Black,Georgia,Murder,South
575c66e11c4d362864dd30e2,2011,44,White,Texas,Murder,South
575c66e11c4d362864dd30e3,2011,37,Black,Alabama,Murder,South
575c66e11c4d362864dd30e4,2011,61,Hispanic,Florida,Murder,South
575c66e11c4d362864dd30e5,2011,38,White,Alabama,Murder,South
575c66e11c4d362864dd30e6,2011,39,Hispanic,Texas,Murder,South
575c66e11c4d362864dd30e7,2011,66,Black,Ohio,Murder,Midwest
575c66e11c4d362864dd30e8,2011,65,White,Florida,Murder,South
575c66e11c4d362864dd30e9,2011,46,Hispanic,Texas,Murder,South
575c66e11c4d362864dd30ea,2011,54,White,Idaho,Murder,West
575c66e11c4d362864dd30eb,2012,49,White,Oklahoma,Murder,South
575c66e11c4d362864dd30ec,2012,39,Hispanic,Texas,Murder,South
575c66e11c4d362864dd30ed,2012,38,White,Mississippi,Murder,South
575c66e11c4d362864dd30ee,2012,65,White,Florida,Murder,South
575c66e11c4d362864dd30ef,2012,63,White,Arizona,Murder,West
575c66e11c4d362864dd30f0,2012,41,Hispanic,Texas,Murder,South
575c66e11c4d362864dd30f1,2012,52,White,Texas,Murder,South
575c66e11c4d362864dd30f2,2012,47,White,Arizona,Murder,West
575c66e11c4d362864dd30f3,2012,46,White,Oklahoma,Murder,South
575c66e11c4d362864dd30f4,2012,35,White,Mississippi,Murder,South
575c66e11c4d362864dd30f5,2012,61,Black,Mississippi,Murder,South
575c66e11c4d362864dd30f6,2012,47,Hispanic,Texas,Murder,South
575c66e11c4d362864dd30f7,2012,58,White,Florida,Murder,South
575c66e11c4d362864dd30f8,2012,49,White,Ohio,Murder,Midwest
575c66e11c4d362864dd30f9,2012,28,Black,Delaware,Murder,South
575c66e11c4d362864dd30fa,2012,63,White,Arizona,Murder,West
575c66e11c4d362864dd30fb,2012,29,Black,Texas,Murder,South
575c66e11c4d362864dd30fc,2012,57,White,Oklahoma,Murder,South
575c66e11c4d362864dd30fd,2012,47,Black,Mississippi,Murder,South
575c66e11c4d362864dd30fe,2012,53,White,Idaho,Murder,West
575c66e11c4d362864dd30ff,2012,34,White,Mississippi,Murder,South
575c66e11c4d362864dd3100,2012,49,White,Mississippi,Murder,South
575c66e11c4d362864dd3101,2012,49,Hispanic,Arizona,Murder,West
575c66e11c4d362864dd3102,2012,33,Black,Texas,Murder,South
575c66e11c4d362864dd3103,2012,54,Black,Texas,Murder,South
575c66e11c4d362864dd3104,2012,51,White,Arizona,Murder,West
575c66e11c4d362864dd3105,2012,40,White,Oklahoma,Murder,South
575c66e11c4d362864dd3106,2012,47,White,Ohio,Murder,Midwest
575c66e11c4d362864dd3107,2012,40,Black,Texas,Murder,South
575c66e11c4d362864dd3108,2012,47,White,Texas,Murder,South
575c66e11c4d362864dd3109,2012,44,Black,Texas,Murder,South
575c66e11c4d362864dd310a,2012,50,White,South Dakota,Murder,Midwest
575c66e11c4d362864dd310b,2012,24,White,Texas,Murder,South
575c66e11c4d362864dd310c,2012,60,White,South Dakota,Murder,Midwest
575c66e11c4d362864dd310d,2012,41,White,Texas,Murder,South
575c66e11c4d362864dd310e,2012,56,Black,Oklahoma,Murder,South
575c66e11c4d362864dd310f,2012,33,Black,Texas,Murder,South
575c66e11c4d362864dd3110,2012,38,White,Ohio,Murder,Midwest
575c66e11c4d362864dd3111,2012,41,Hispanic,Texas,Murder,South
575c66e11c4d362864dd3112,2012,46,Black,Texas,Murder,South
575c66e11c4d362864dd3113,2012,38,Hispanic,Oklahoma,Murder,South
575c66e11c4d362864dd3114,2012,60,White,Arizona,Murder,West
575c66e11c4d362864dd3115,2012,56,Hispanic,Florida,Murder,South
575c66e11c4d362864dd3116,2013,42,White,Virginia,Murder,South
575c66e11c4d362864dd3117,2013,48,Black,Texas,Murder,South
575c66e11c4d362864dd3118,2013,38,White,Georgia,Murder,South
575c66e11c4d362864dd3119,2013,48,White,Ohio,Murder,Midwest
575c66e11c4d362864dd311a,2013,42,White,Oklahoma,Murder,South
575c66e11c4d362864dd311b,2013,50,Black,Texas,Murder,South
575c66e11c4d362864dd311c,2013,59,White,Florida,Murder,South
575c66e11c4d362864dd311d,2013,40,Black,Texas,Murder,South
575c66e11c4d362864dd311e,2013,29,White,Texas,Murder,South
575c66e11c4d362864dd311f,2013,46,White,Ohio,Murder,Midwest
575c66e11c4d362864dd3120,2013,35,Black,Texas,Murder,South
575c66e11c4d362864dd3121,2013,37,Black,Texas,Murder,South
575c66e11c4d362864dd3122,2013,56,White,Florida,Murder,South
575c66e11c4d362864dd3123,2013,44,Black,Texas,Murder,South
575c66e11c4d362864dd3124,2013,58,White,Florida,Murder,South
575c66e11c4d362864dd3125,2013,36,White,Oklahoma,Murder,South
575c66e11c4d362864dd3126,2013,39,Black,Oklahoma,Murder,South
575c66e11c4d362864dd3127,2013,52,Black,Texas,Murder,South
575c66e11c4d362864dd3128,2013,36,Hispanic,Texas,Murder,South
575c66e11c4d362864dd3129,2013,41,Black,Texas,Murder,South
575c66e11c4d362864dd312a,2013,29,White,Alabama,Murder,South
575c66e11c4d362864dd312b,2013,55,White,Texas,Murder,South
575c66e11c4d362864dd312c,2013,65,Black,Florida,Murder,South
575c66e11c4d362864dd312d,2013,60,Black,Oklahoma,Murder,South
575c66e11c4d362864dd312e,2013,30,Hispanic,Texas,Murder,South
575c66e11c4d362864dd312f,2013,61,White,Ohio,Murder,Midwest
575c66e11c4d362864dd3130,2013,37,Hispanic,Texas,Murder,South
575c66e11c4d362864dd3131,2013,50,White,Florida,Murder,South
575c66e11c4d362864dd3132,2013,71,White,Arizona,Murder,West
575c66e11c4d362864dd3133,2013,43,White,Texas,Murder,South
575c66e11c4d362864dd3134,2013,51,White,Florida,Murder,South
575c66e11c4d362864dd3135,2013,43,White,Arizona,Murder,West
575c66e11c4d362864dd3136,2013,40,Black,Florida,Murder,South
575c66e11c4d362864dd3137,2013,49,White,Texas,Murder,South
575c66e11c4d362864dd3138,2013,63,White,Missouri,Murder,Midwest
575c66e11c4d362864dd3139,2013,43,White,Texas,Murder,South
575c66e11c4d362864dd313a,2013,53,Black,Oklahoma,Murder,South
575c66e11c4d362864dd313b,2013,41,White,Missouri,Murder,Midwest
575c66e11c4d362864dd313c,2013,48,White,Oklahoma,Murder,South
575c66e11c4d362864dd313d,2014,62,Black,Florida,Murder,South
575c66e11c4d362864dd313e,2014,38,Black,Oklahoma,Murder,South
575c66e11c4d362864dd313f,2014,53,White,Ohio,Murder,Midwest
575c66e11c4d362864dd3140,2014,46,Hispanic,Texas,Murder,South
575c66e11c4d362864dd3141,2014,52,White,Oklahoma,Murder,South
575c66e11c4d362864dd3142,2014,56,Black,Missouri,Murder,Midwest
575c66e11c4d362864dd3143,2014,59,White,Texas,Murder,South
575c66e11c4d362864dd3144,2014,46,Hispanic,Florida,Murder,South
575c66e11c4d362864dd3145,2014,47,Black,Missouri,Murder,Midwest
575c66e11c4d362864dd3146,2014,48,Black,Florida,Murder,South
575c66e11c4d362864dd3147,2014,33,Black,Texas,Murder,South
575c66e11c4d362864dd3148,2014,55,Black,Florida,Murder,South
575c66e11c4d362864dd3149,2014,59,White,Missouri,Murder,Midwest
575c66e11c4d362864dd314a,2014,29,Black,Texas,Murder,South
575c66e11c4d362864dd314b,2014,49,White,Texas,Murder,South
575c66e11c4d362864dd314c,2014,44,Hispanic,Texas,Murder,South
575c66e11c4d362864dd314d,2014,39,Hispanic,Texas,Murder,South
575c66e11c4d362864dd314e,2014,57,White,Missouri,Murder,Midwest
575c66e11c4d362864dd314f,2014,47,White,Florida,Murder,South
575c66e11c4d362864dd3150,2014,38,Black,Oklahoma,Murder,South
575c66e11c4d362864dd3151,2014,58,Black,Georgia,Murder,South
575c66e11c4d362864dd3152,2014,46,Black,Missouri,Murder,Midwest
575c66e11c4d362864dd3153,2014,63,Black,Florida,Murder,South
575c66e11c4d362864dd3154,2014,45,White,Florida,Murder,South
575c66e11c4d362864dd3155,2014,54,White,Missouri,Murder,Midwest
575c66e11c4d362864dd3156,2014,55,White,Arizona,Murder,West
575c66e11c4d362864dd3157,2014,43,White,Missouri,Murder,Midwest
575c66e11c4d362864dd3158,2014,40,Black,Missouri,Murder,Midwest
575c66e11c4d362864dd3159,2014,45,Black,Texas,Murder,South
575c66e11c4d362864dd315a,2014,38,Black,Texas,Murder,South
575c66e11c4d362864dd315b,2014,32,Hispanic,Texas,Murder,South
575c66e11c4d362864dd315c,2014,43,Black,Florida,Murder,South
575c66e11c4d362864dd315d,2014,56,Black,Missouri,Murder,Midwest
575c66e11c4d362864dd315e,2014,49,Black,Georgia,Murder,South
575c66e11c4d362864dd315f,2014,48,White,Missouri,Murder,Midwest
575c66e11c4d362864dd3160,2015,66,White,Georgia,Murder,South
575c66e11c4d362864dd3161,2015,67,White,Texas,Murder,South
575c66e11c4d362864dd3162,2015,42,White,Florida,Murder,South
575c66e11c4d362864dd3163,2015,47,Black,Oklahoma,Murder,South
575c66e11c4d362864dd3164,2015,41,Hispanic,Texas,Murder,South
575c66e11c4d362864dd3165,2015,54,Black,Georgia,Murder,South
575c66e11c4d362864dd3166,2015,57,Black,Texas,Murder,South
575c66e11c4d362864dd3167,2015,52,White,Texas,Murder,South
575c66e11c4d362864dd3168,2015,47,White,Missouri,Murder,Midwest
575c66e11c4d362864dd3169,2015,46,Hispanic,Texas,Murder,South
575c66e11c4d362864dd316a,2015,74,White,Missouri,Murder,Midwest
575c66e11c4d362864dd316b,2015,42,White,Texas,Murder,South
575c66e11c4d362864dd316c,2015,52,Black,Missouri,Murder,Midwest
575c66e11c4d362864dd316d,2015,47,Black,Missouri,Murder,Midwest
575c66e11c4d362864dd316e,2015,34,Hispanic,Texas,Murder,South
575c66e11c4d362864dd316f,2015,32,Black,Texas,Murder,South
575c66e11c4d362864dd3170,2015,45,Black,Texas,Murder,South
575c66e11c4d362864dd3171,2015,55,White,Missouri,Murder,Midwest
575c66e11c4d362864dd3172,2015,27,Hispanic,Texas,Murder,South
575c66e11c4d362864dd3173,2015,50,Black,Missouri,Murder,Midwest
575c66e11c4d362864dd3174,2015,47,White,Georgia,Murder,South
575c66e11c4d362864dd3175,2015,49,Hispanic,Virginia,Murder,South
575c66e11c4d362864dd3176,2015,35,Hispanic,Texas,Murder,South
575c66e11c4d362864dd3177,2015,33,Hispanic,Texas,Murder,South
575c66e11c4d362864dd3178,2015,59,White,Florida,Murder,South
575c66e11c4d362864dd3179,2015,36,Black,Texas,Murder,South
575c66e11c4d362864dd317a,2015,50,White,Georgia,Murder,South
575c66e11c4d362864dd317b,2015,47,Black,Georgia,Murder,South
575c66e11c4d362864dd317c,2016,53,White,Florida,Murder,South
575c66e11c4d362864dd317d,2016,43,White,Texas,Murder,South
575c66e11c4d362864dd317e,2016,43,White,Alabama,Murder,South
575c66e11c4d362864dd317f,2016,35,White,Texas,Murder,South
575c66e11c4d362864dd3180,2016,72,Black,Georgia,Murder,South
575c66e11c4d362864dd3181,2016,43,Hispanic,Texas,Murder,South
575c66e11c4d362864dd3182,2016,45,White,Georgia,Murder,South
575c66e11c4d362864dd3183,2016,58,White,Texas,Murder,South
575c66e11c4d362864dd3184,2016,33,White,Texas,Murder,South
575c66e11c4d362864dd3185,2016,41,White,Georgia,Murder,South
575c66e11c4d362864dd3186,2016,38,Hispanic,Texas,Murder,South
575c66e11c4d362864dd3187,2016,47,Black,Georgia,Murder,South
575c66e11c4d362864dd3188,2016,37,White,Georgia,Murder,South
